{
  "fio version" : "fio-3.36",
  "timestamp" : 1759291672,
  "timestamp_ms" : 1759291672964,
  "time" : "Wed Oct  1 00:07:52 2025",
  "global options" : {
    "filename" : "/mnt/project_partition/testfile.img",
    "direct" : "1",
    "ioengine" : "libaio",
    "runtime" : "30s"
  },
  "jobs" : [
    {
      "jobname" : "bs_randread_32k",
      "groupid" : 0,
      "job_start" : 1759291642915,
      "error" : 0,
      "eta" : 0,
      "elapsed" : 31,
      "job options" : {
        "name" : "bs_randread_32k",
        "rw" : "randread",
        "bs" : "32k",
        "iodepth" : "32",
        "numjobs" : "1"
      },
      "read" : {
        "io_bytes" : 70927810560,
        "io_kbytes" : 69265440,
        "bw_bytes" : 2364181545,
        "bw" : 2308771,
        "iops" : 72149.095030,
        "runtime" : 30001,
        "total_ios" : 2164545,
        "short_ios" : 0,
        "drop_ios" : 0,
        "slat_ns" : {
          "min" : 1486,
          "max" : 1881908,
          "mean" : 12046.728736,
          "stddev" : 7844.190008,
          "N" : 2164545
        },
        "clat_ns" : {
          "min" : 310,
          "max" : 2686740,
          "mean" : 430600.498508,
          "stddev" : 75399.016221,
          "N" : 2164545,
          "percentile" : {
            "1.000000" : 207872,
            "5.000000" : 301056,
            "10.000000" : 342016,
            "20.000000" : 378880,
            "30.000000" : 403456,
            "40.000000" : 419840,
            "50.000000" : 436224,
            "60.000000" : 452608,
            "70.000000" : 464896,
            "80.000000" : 485376,
            "90.000000" : 509952,
            "95.000000" : 536576,
            "99.000000" : 593920,
            "99.500000" : 626688,
            "99.900000" : 733184,
            "99.950000" : 823296,
            "99.990000" : 1187840
          }
        },
        "lat_ns" : {
          "min" : 2477,
          "max" : 2691896,
          "mean" : 442647.227244,
          "stddev" : 77081.676593,
          "N" : 2164545
        },
        "bw_min" : 2009984,
        "bw_max" : 2947008,
        "bw_agg" : 100.000000,
        "bw_mean" : 2309680.864407,
        "bw_dev" : 117685.465733,
        "bw_samples" : 59,
        "iops_min" : 62812,
        "iops_max" : 92094,
        "iops_mean" : 72177.508475,
        "iops_stddev" : 3677.676592,
        "iops_samples" : 59
      },
      "write" : {
        "io_bytes" : 0,
        "io_kbytes" : 0,
        "bw_bytes" : 0,
        "bw" : 0,
        "iops" : 0.000000,
        "runtime" : 0,
        "total_ios" : 0,
        "short_ios" : 0,
        "drop_ios" : 0,
        "slat_ns" : {
          "min" : 0,
          "max" : 0,
          "mean" : 0.000000,
          "stddev" : 0.000000,
          "N" : 0
        },
        "clat_ns" : {
          "min" : 0,
          "max" : 0,
          "mean" : 0.000000,
          "stddev" : 0.000000,
          "N" : 0
        },
        "lat_ns" : {
          "min" : 0,
          "max" : 0,
          "mean" : 0.000000,
          "stddev" : 0.000000,
          "N" : 0
        },
        "bw_min" : 0,
        "bw_max" : 0,
        "bw_agg" : 0.000000,
        "bw_mean" : 0.000000,
        "bw_dev" : 0.000000,
        "bw_samples" : 0,
        "iops_min" : 0,
        "iops_max" : 0,
        "iops_mean" : 0.000000,
        "iops_stddev" : 0.000000,
        "iops_samples" : 0
      },
      "trim" : {
        "io_bytes" : 0,
        "io_kbytes" : 0,
        "bw_bytes" : 0,
        "bw" : 0,
        "iops" : 0.000000,
        "runtime" : 0,
        "total_ios" : 0,
        "short_ios" : 0,
        "drop_ios" : 0,
        "slat_ns" : {
          "min" : 0,
          "max" : 0,
          "mean" : 0.000000,
          "stddev" : 0.000000,
          "N" : 0
        },
        "clat_ns" : {
          "min" : 0,
          "max" : 0,
          "mean" : 0.000000,
          "stddev" : 0.000000,
          "N" : 0
        },
        "lat_ns" : {
          "min" : 0,
          "max" : 0,
          "mean" : 0.000000,
          "stddev" : 0.000000,
          "N" : 0
        },
        "bw_min" : 0,
        "bw_max" : 0,
        "bw_agg" : 0.000000,
        "bw_mean" : 0.000000,
        "bw_dev" : 0.000000,
        "bw_samples" : 0,
        "iops_min" : 0,
        "iops_max" : 0,
        "iops_mean" : 0.000000,
        "iops_stddev" : 0.000000,
        "iops_samples" : 0
      },
      "sync" : {
        "total_ios" : 0,
        "lat_ns" : {
          "min" : 0,
          "max" : 0,
          "mean" : 0.000000,
          "stddev" : 0.000000,
          "N" : 0
        }
      },
      "job_runtime" : 30000,
      "usr_cpu" : 12.696667,
      "sys_cpu" : 87.136667,
      "ctx" : 539,
      "majf" : 0,
      "minf" : 268,
      "iodepth_level" : {
        "1" : 0.100000,
        "2" : 0.100000,
        "4" : 0.100000,
        "8" : 0.100000,
        "16" : 0.100000,
        "32" : 99.998568,
        ">=64" : 0.000000
      },
      "iodepth_submit" : {
        "0" : 0.000000,
        "4" : 100.000000,
        "8" : 0.000000,
        "16" : 0.000000,
        "32" : 0.000000,
        "64" : 0.000000,
        ">=64" : 0.000000
      },
      "iodepth_complete" : {
        "0" : 0.000000,
        "4" : 99.999954,
        "8" : 0.000000,
        "16" : 0.000000,
        "32" : 0.100000,
        "64" : 0.000000,
        ">=64" : 0.000000
      },
      "latency_ns" : {
        "2" : 0.000000,
        "4" : 0.000000,
        "10" : 0.000000,
        "20" : 0.000000,
        "50" : 0.000000,
        "100" : 0.000000,
        "250" : 0.000000,
        "500" : 0.010000,
        "750" : 0.010000,
        "1000" : 0.010000
      },
      "latency_us" : {
        "2" : 0.000000,
        "4" : 0.010000,
        "10" : 0.010000,
        "20" : 0.012104,
        "50" : 0.041949,
        "100" : 0.100160,
        "250" : 1.918694,
        "500" : 84.228695,
        "750" : 13.598054,
        "1000" : 0.071239
      },
      "latency_ms" : {
        "2" : 0.010718,
        "4" : 0.010000,
        "10" : 0.000000,
        "20" : 0.000000,
        "50" : 0.000000,
        "100" : 0.000000,
        "250" : 0.000000,
        "500" : 0.000000,
        "750" : 0.000000,
        "1000" : 0.000000,
        "2000" : 0.000000,
        ">=2000" : 0.000000
      },
      "latency_depth" : 32,
      "latency_target" : 0,
      "latency_percentile" : 100.000000,
      "latency_window" : 0
    }
  ],
  "disk_util" : [
    {
      "name" : "loop0",
      "read_ios" : 2001887,
      "write_ios" : 0,
      "read_sectors" : 70439360,
      "write_sectors" : 0,
      "read_merges" : 0,
      "write_merges" : 0,
      "read_ticks" : 59761,
      "write_ticks" : 0,
      "in_queue" : 59760,
      "util" : 95.478794
    }
  ]
}
