{
  "fio version" : "fio-3.36",
  "timestamp" : 1759291733,
  "timestamp_ms" : 1759291733470,
  "time" : "Wed Oct  1 00:08:53 2025",
  "global options" : {
    "filename" : "/mnt/project_partition/testfile.img",
    "direct" : "1",
    "ioengine" : "libaio",
    "runtime" : "30s"
  },
  "jobs" : [
    {
      "jobname" : "bs_randread_128k",
      "groupid" : 0,
      "job_start" : 1759291703404,
      "error" : 0,
      "eta" : 0,
      "elapsed" : 31,
      "job options" : {
        "name" : "bs_randread_128k",
        "rw" : "randread",
        "bs" : "128k",
        "iodepth" : "32",
        "numjobs" : "1"
      },
      "read" : {
        "io_bytes" : 246484566016,
        "io_kbytes" : 240707584,
        "bw_bytes" : 8215878337,
        "bw" : 8023318,
        "iops" : 62682.177261,
        "runtime" : 30001,
        "total_ios" : 1880528,
        "short_ios" : 0,
        "drop_ios" : 0,
        "slat_ns" : {
          "min" : 2588,
          "max" : 2874973,
          "mean" : 12596.728415,
          "stddev" : 10009.416626,
          "N" : 1880528
        },
        "clat_ns" : {
          "min" : 297,
          "max" : 3668261,
          "mean" : 497178.606742,
          "stddev" : 142477.866757,
          "N" : 1880528,
          "percentile" : {
            "1.000000" : 257024,
            "5.000000" : 301056,
            "10.000000" : 333824,
            "20.000000" : 378880,
            "30.000000" : 411648,
            "40.000000" : 444416,
            "50.000000" : 477184,
            "60.000000" : 514048,
            "70.000000" : 561152,
            "80.000000" : 610304,
            "90.000000" : 692224,
            "95.000000" : 757760,
            "99.000000" : 872448,
            "99.500000" : 921600,
            "99.900000" : 1105920,
            "99.950000" : 1220608,
            "99.990000" : 1679360
          }
        },
        "lat_ns" : {
          "min" : 6043,
          "max" : 3698314,
          "mean" : 509775.335157,
          "stddev" : 142558.282158,
          "N" : 1880528
        },
        "bw_min" : 7214661,
        "bw_max" : 8557056,
        "bw_agg" : 100.000000,
        "bw_mean" : 8031381.711864,
        "bw_dev" : 267096.036192,
        "bw_samples" : 59,
        "iops_min" : 56364,
        "iops_max" : 66852,
        "iops_mean" : 62745.050847,
        "iops_stddev" : 2086.853252,
        "iops_samples" : 59
      },
      "write" : {
        "io_bytes" : 0,
        "io_kbytes" : 0,
        "bw_bytes" : 0,
        "bw" : 0,
        "iops" : 0.000000,
        "runtime" : 0,
        "total_ios" : 0,
        "short_ios" : 0,
        "drop_ios" : 0,
        "slat_ns" : {
          "min" : 0,
          "max" : 0,
          "mean" : 0.000000,
          "stddev" : 0.000000,
          "N" : 0
        },
        "clat_ns" : {
          "min" : 0,
          "max" : 0,
          "mean" : 0.000000,
          "stddev" : 0.000000,
          "N" : 0
        },
        "lat_ns" : {
          "min" : 0,
          "max" : 0,
          "mean" : 0.000000,
          "stddev" : 0.000000,
          "N" : 0
        },
        "bw_min" : 0,
        "bw_max" : 0,
        "bw_agg" : 0.000000,
        "bw_mean" : 0.000000,
        "bw_dev" : 0.000000,
        "bw_samples" : 0,
        "iops_min" : 0,
        "iops_max" : 0,
        "iops_mean" : 0.000000,
        "iops_stddev" : 0.000000,
        "iops_samples" : 0
      },
      "trim" : {
        "io_bytes" : 0,
        "io_kbytes" : 0,
        "bw_bytes" : 0,
        "bw" : 0,
        "iops" : 0.000000,
        "runtime" : 0,
        "total_ios" : 0,
        "short_ios" : 0,
        "drop_ios" : 0,
        "slat_ns" : {
          "min" : 0,
          "max" : 0,
          "mean" : 0.000000,
          "stddev" : 0.000000,
          "N" : 0
        },
        "clat_ns" : {
          "min" : 0,
          "max" : 0,
          "mean" : 0.000000,
          "stddev" : 0.000000,
          "N" : 0
        },
        "lat_ns" : {
          "min" : 0,
          "max" : 0,
          "mean" : 0.000000,
          "stddev" : 0.000000,
          "N" : 0
        },
        "bw_min" : 0,
        "bw_max" : 0,
        "bw_agg" : 0.000000,
        "bw_mean" : 0.000000,
        "bw_dev" : 0.000000,
        "bw_samples" : 0,
        "iops_min" : 0,
        "iops_max" : 0,
        "iops_mean" : 0.000000,
        "iops_stddev" : 0.000000,
        "iops_samples" : 0
      },
      "sync" : {
        "total_ios" : 0,
        "lat_ns" : {
          "min" : 0,
          "max" : 0,
          "mean" : 0.000000,
          "stddev" : 0.000000,
          "N" : 0
        }
      },
      "job_runtime" : 30000,
      "usr_cpu" : 9.420000,
      "sys_cpu" : 79.460000,
      "ctx" : 30750,
      "majf" : 0,
      "minf" : 1036,
      "iodepth_level" : {
        "1" : 0.100000,
        "2" : 0.100000,
        "4" : 0.100000,
        "8" : 0.100000,
        "16" : 0.100000,
        "32" : 99.998352,
        ">=64" : 0.000000
      },
      "iodepth_submit" : {
        "0" : 0.000000,
        "4" : 100.000000,
        "8" : 0.000000,
        "16" : 0.000000,
        "32" : 0.000000,
        "64" : 0.000000,
        ">=64" : 0.000000
      },
      "iodepth_complete" : {
        "0" : 0.000000,
        "4" : 99.999947,
        "8" : 0.000000,
        "16" : 0.000000,
        "32" : 0.100000,
        "64" : 0.000000,
        ">=64" : 0.000000
      },
      "latency_ns" : {
        "2" : 0.000000,
        "4" : 0.000000,
        "10" : 0.000000,
        "20" : 0.000000,
        "50" : 0.000000,
        "100" : 0.000000,
        "250" : 0.000000,
        "500" : 0.010000,
        "750" : 0.010000,
        "1000" : 0.010000
      },
      "latency_us" : {
        "2" : 0.010000,
        "4" : 0.000000,
        "10" : 0.010000,
        "20" : 0.017070,
        "50" : 0.052911,
        "100" : 0.082796,
        "250" : 0.598768,
        "500" : 55.591302,
        "750" : 38.389006,
        "1000" : 5.029864
      },
      "latency_ms" : {
        "2" : 0.210632,
        "4" : 0.010000,
        "10" : 0.000000,
        "20" : 0.000000,
        "50" : 0.000000,
        "100" : 0.000000,
        "250" : 0.000000,
        "500" : 0.000000,
        "750" : 0.000000,
        "1000" : 0.000000,
        "2000" : 0.000000,
        ">=2000" : 0.000000
      },
      "latency_depth" : 32,
      "latency_target" : 0,
      "latency_percentile" : 100.000000,
      "latency_window" : 0
    }
  ],
  "disk_util" : [
    {
      "name" : "loop0",
      "read_ios" : 4428053,
      "write_ios" : 0,
      "read_sectors" : 245001592,
      "write_sectors" : 0,
      "read_merges" : 0,
      "write_merges" : 0,
      "read_ticks" : 663592,
      "write_ticks" : 0,
      "in_queue" : 663592,
      "util" : 95.839025
    }
  ]
}
