{
  "fio version" : "fio-3.36",
  "timestamp" : 1759291824,
  "timestamp_ms" : 1759291824197,
  "time" : "Wed Oct  1 00:10:24 2025",
  "global options" : {
    "filename" : "/mnt/project_partition/testfile.img",
    "direct" : "1",
    "ioengine" : "libaio",
    "runtime" : "30s"
  },
  "jobs" : [
    {
      "jobname" : "bs_read_16k",
      "groupid" : 0,
      "job_start" : 1759291794153,
      "error" : 0,
      "eta" : 0,
      "elapsed" : 31,
      "job options" : {
        "name" : "bs_read_16k",
        "rw" : "read",
        "bs" : "16k",
        "iodepth" : "32",
        "numjobs" : "1"
      },
      "read" : {
        "io_bytes" : 49958469632,
        "io_kbytes" : 48787568,
        "bw_bytes" : 1665226813,
        "bw" : 1626198,
        "iops" : 101637.378754,
        "runtime" : 30001,
        "total_ios" : 3049223,
        "short_ios" : 0,
        "drop_ios" : 0,
        "slat_ns" : {
          "min" : 1090,
          "max" : 882746,
          "mean" : 8428.469092,
          "stddev" : 7445.729398,
          "N" : 3049223
        },
        "clat_ns" : {
          "min" : 297,
          "max" : 1286614,
          "mean" : 305827.448139,
          "stddev" : 114297.956317,
          "N" : 3049223,
          "percentile" : {
            "1.000000" : 121344,
            "5.000000" : 166912,
            "10.000000" : 191488,
            "20.000000" : 218112,
            "30.000000" : 238592,
            "40.000000" : 254976,
            "50.000000" : 272384,
            "60.000000" : 292864,
            "70.000000" : 325632,
            "80.000000" : 399360,
            "90.000000" : 501760,
            "95.000000" : 544768,
            "99.000000" : 585728,
            "99.500000" : 602112,
            "99.900000" : 651264,
            "99.950000" : 692224,
            "99.990000" : 782336
          }
        },
        "lat_ns" : {
          "min" : 1684,
          "max" : 1288105,
          "mean" : 314255.917230,
          "stddev" : 117187.290282,
          "N" : 3049223
        },
        "bw_min" : 1281952,
        "bw_max" : 2005952,
        "bw_agg" : 99.769582,
        "bw_mean" : 1622451.864407,
        "bw_dev" : 291169.942005,
        "bw_samples" : 59,
        "iops_min" : 80122,
        "iops_max" : 125372,
        "iops_mean" : 101403.203390,
        "iops_stddev" : 18198.122154,
        "iops_samples" : 59
      },
      "write" : {
        "io_bytes" : 0,
        "io_kbytes" : 0,
        "bw_bytes" : 0,
        "bw" : 0,
        "iops" : 0.000000,
        "runtime" : 0,
        "total_ios" : 0,
        "short_ios" : 0,
        "drop_ios" : 0,
        "slat_ns" : {
          "min" : 0,
          "max" : 0,
          "mean" : 0.000000,
          "stddev" : 0.000000,
          "N" : 0
        },
        "clat_ns" : {
          "min" : 0,
          "max" : 0,
          "mean" : 0.000000,
          "stddev" : 0.000000,
          "N" : 0
        },
        "lat_ns" : {
          "min" : 0,
          "max" : 0,
          "mean" : 0.000000,
          "stddev" : 0.000000,
          "N" : 0
        },
        "bw_min" : 0,
        "bw_max" : 0,
        "bw_agg" : 0.000000,
        "bw_mean" : 0.000000,
        "bw_dev" : 0.000000,
        "bw_samples" : 0,
        "iops_min" : 0,
        "iops_max" : 0,
        "iops_mean" : 0.000000,
        "iops_stddev" : 0.000000,
        "iops_samples" : 0
      },
      "trim" : {
        "io_bytes" : 0,
        "io_kbytes" : 0,
        "bw_bytes" : 0,
        "bw" : 0,
        "iops" : 0.000000,
        "runtime" : 0,
        "total_ios" : 0,
        "short_ios" : 0,
        "drop_ios" : 0,
        "slat_ns" : {
          "min" : 0,
          "max" : 0,
          "mean" : 0.000000,
          "stddev" : 0.000000,
          "N" : 0
        },
        "clat_ns" : {
          "min" : 0,
          "max" : 0,
          "mean" : 0.000000,
          "stddev" : 0.000000,
          "N" : 0
        },
        "lat_ns" : {
          "min" : 0,
          "max" : 0,
          "mean" : 0.000000,
          "stddev" : 0.000000,
          "N" : 0
        },
        "bw_min" : 0,
        "bw_max" : 0,
        "bw_agg" : 0.000000,
        "bw_mean" : 0.000000,
        "bw_dev" : 0.000000,
        "bw_samples" : 0,
        "iops_min" : 0,
        "iops_max" : 0,
        "iops_mean" : 0.000000,
        "iops_stddev" : 0.000000,
        "iops_samples" : 0
      },
      "sync" : {
        "total_ios" : 0,
        "lat_ns" : {
          "min" : 0,
          "max" : 0,
          "mean" : 0.000000,
          "stddev" : 0.000000,
          "N" : 0
        }
      },
      "job_runtime" : 30000,
      "usr_cpu" : 14.006667,
      "sys_cpu" : 85.633333,
      "ctx" : 4528,
      "majf" : 0,
      "minf" : 143,
      "iodepth_level" : {
        "1" : 0.100000,
        "2" : 0.100000,
        "4" : 0.100000,
        "8" : 0.100000,
        "16" : 0.100000,
        "32" : 99.998983,
        ">=64" : 0.000000
      },
      "iodepth_submit" : {
        "0" : 0.000000,
        "4" : 100.000000,
        "8" : 0.000000,
        "16" : 0.000000,
        "32" : 0.000000,
        "64" : 0.000000,
        ">=64" : 0.000000
      },
      "iodepth_complete" : {
        "0" : 0.000000,
        "4" : 99.999967,
        "8" : 0.000000,
        "16" : 0.000000,
        "32" : 0.100000,
        "64" : 0.000000,
        ">=64" : 0.000000
      },
      "latency_ns" : {
        "2" : 0.000000,
        "4" : 0.000000,
        "10" : 0.000000,
        "20" : 0.000000,
        "50" : 0.000000,
        "100" : 0.000000,
        "250" : 0.000000,
        "500" : 0.010000,
        "750" : 0.000000,
        "1000" : 0.000000
      },
      "latency_us" : {
        "2" : 0.000000,
        "4" : 0.010000,
        "10" : 0.010000,
        "20" : 0.010000,
        "50" : 0.010000,
        "100" : 0.340283,
        "250" : 36.365559,
        "500" : 52.866681,
        "750" : 10.402322,
        "1000" : 0.018398
      },
      "latency_ms" : {
        "2" : 0.010000,
        "4" : 0.000000,
        "10" : 0.000000,
        "20" : 0.000000,
        "50" : 0.000000,
        "100" : 0.000000,
        "250" : 0.000000,
        "500" : 0.000000,
        "750" : 0.000000,
        "1000" : 0.000000,
        "2000" : 0.000000,
        ">=2000" : 0.000000
      },
      "latency_depth" : 32,
      "latency_target" : 0,
      "latency_percentile" : 100.000000,
      "latency_window" : 0
    }
  ],
  "disk_util" : [
    {
      "name" : "loop0",
      "read_ios" : 2121969,
      "write_ios" : 0,
      "read_sectors" : 50913256,
      "write_sectors" : 0,
      "read_merges" : 0,
      "write_merges" : 0,
      "read_ticks" : 57100,
      "write_ticks" : 0,
      "in_queue" : 57100,
      "util" : 92.261608
    }
  ]
}
