{
  "fio version" : "fio-3.36",
  "timestamp" : 1759291854,
  "timestamp_ms" : 1759291854439,
  "time" : "Wed Oct  1 00:10:54 2025",
  "global options" : {
    "filename" : "/mnt/project_partition/testfile.img",
    "direct" : "1",
    "ioengine" : "libaio",
    "runtime" : "30s"
  },
  "jobs" : [
    {
      "jobname" : "bs_read_32k",
      "groupid" : 0,
      "job_start" : 1759291824393,
      "error" : 0,
      "eta" : 0,
      "elapsed" : 31,
      "job options" : {
        "name" : "bs_read_32k",
        "rw" : "read",
        "bs" : "32k",
        "iodepth" : "32",
        "numjobs" : "1"
      },
      "read" : {
        "io_bytes" : 86092251136,
        "io_kbytes" : 84074464,
        "bw_bytes" : 2869646049,
        "bw" : 2802388,
        "iops" : 87574.647512,
        "runtime" : 30001,
        "total_ios" : 2627327,
        "short_ios" : 0,
        "drop_ios" : 0,
        "slat_ns" : {
          "min" : 1386,
          "max" : 4582266,
          "mean" : 9285.990744,
          "stddev" : 8606.860349,
          "N" : 2627327
        },
        "clat_ns" : {
          "min" : 298,
          "max" : 5482128,
          "mean" : 355512.438143,
          "stddev" : 110749.048940,
          "N" : 2627327,
          "percentile" : {
            "1.000000" : 118272,
            "5.000000" : 185344,
            "10.000000" : 199680,
            "20.000000" : 244736,
            "30.000000" : 305152,
            "40.000000" : 342016,
            "50.000000" : 366592,
            "60.000000" : 391168,
            "70.000000" : 411648,
            "80.000000" : 436224,
            "90.000000" : 481280,
            "95.000000" : 544768,
            "99.000000" : 593920,
            "99.500000" : 618496,
            "99.900000" : 692224,
            "99.950000" : 765952,
            "99.990000" : 1302528
          }
        },
        "lat_ns" : {
          "min" : 2397,
          "max" : 5494858,
          "mean" : 364798.428888,
          "stddev" : 113114.044136,
          "N" : 2627327
        },
        "bw_min" : 2350848,
        "bw_max" : 3537280,
        "bw_agg" : 100.000000,
        "bw_mean" : 2807570.440678,
        "bw_dev" : 358544.595866,
        "bw_samples" : 59,
        "iops_min" : 73464,
        "iops_max" : 110540,
        "iops_mean" : 87736.610169,
        "iops_stddev" : 11204.523226,
        "iops_samples" : 59
      },
      "write" : {
        "io_bytes" : 0,
        "io_kbytes" : 0,
        "bw_bytes" : 0,
        "bw" : 0,
        "iops" : 0.000000,
        "runtime" : 0,
        "total_ios" : 0,
        "short_ios" : 0,
        "drop_ios" : 0,
        "slat_ns" : {
          "min" : 0,
          "max" : 0,
          "mean" : 0.000000,
          "stddev" : 0.000000,
          "N" : 0
        },
        "clat_ns" : {
          "min" : 0,
          "max" : 0,
          "mean" : 0.000000,
          "stddev" : 0.000000,
          "N" : 0
        },
        "lat_ns" : {
          "min" : 0,
          "max" : 0,
          "mean" : 0.000000,
          "stddev" : 0.000000,
          "N" : 0
        },
        "bw_min" : 0,
        "bw_max" : 0,
        "bw_agg" : 0.000000,
        "bw_mean" : 0.000000,
        "bw_dev" : 0.000000,
        "bw_samples" : 0,
        "iops_min" : 0,
        "iops_max" : 0,
        "iops_mean" : 0.000000,
        "iops_stddev" : 0.000000,
        "iops_samples" : 0
      },
      "trim" : {
        "io_bytes" : 0,
        "io_kbytes" : 0,
        "bw_bytes" : 0,
        "bw" : 0,
        "iops" : 0.000000,
        "runtime" : 0,
        "total_ios" : 0,
        "short_ios" : 0,
        "drop_ios" : 0,
        "slat_ns" : {
          "min" : 0,
          "max" : 0,
          "mean" : 0.000000,
          "stddev" : 0.000000,
          "N" : 0
        },
        "clat_ns" : {
          "min" : 0,
          "max" : 0,
          "mean" : 0.000000,
          "stddev" : 0.000000,
          "N" : 0
        },
        "lat_ns" : {
          "min" : 0,
          "max" : 0,
          "mean" : 0.000000,
          "stddev" : 0.000000,
          "N" : 0
        },
        "bw_min" : 0,
        "bw_max" : 0,
        "bw_agg" : 0.000000,
        "bw_mean" : 0.000000,
        "bw_dev" : 0.000000,
        "bw_samples" : 0,
        "iops_min" : 0,
        "iops_max" : 0,
        "iops_mean" : 0.000000,
        "iops_stddev" : 0.000000,
        "iops_samples" : 0
      },
      "sync" : {
        "total_ios" : 0,
        "lat_ns" : {
          "min" : 0,
          "max" : 0,
          "mean" : 0.000000,
          "stddev" : 0.000000,
          "N" : 0
        }
      },
      "job_runtime" : 30000,
      "usr_cpu" : 13.290000,
      "sys_cpu" : 80.696667,
      "ctx" : 24201,
      "majf" : 0,
      "minf" : 271,
      "iodepth_level" : {
        "1" : 0.100000,
        "2" : 0.100000,
        "4" : 0.100000,
        "8" : 0.100000,
        "16" : 0.100000,
        "32" : 99.998820,
        ">=64" : 0.000000
      },
      "iodepth_submit" : {
        "0" : 0.000000,
        "4" : 100.000000,
        "8" : 0.000000,
        "16" : 0.000000,
        "32" : 0.000000,
        "64" : 0.000000,
        ">=64" : 0.000000
      },
      "iodepth_complete" : {
        "0" : 0.000000,
        "4" : 99.999962,
        "8" : 0.000000,
        "16" : 0.000000,
        "32" : 0.100000,
        "64" : 0.000000,
        ">=64" : 0.000000
      },
      "latency_ns" : {
        "2" : 0.000000,
        "4" : 0.000000,
        "10" : 0.000000,
        "20" : 0.000000,
        "50" : 0.000000,
        "100" : 0.000000,
        "250" : 0.000000,
        "500" : 0.010000,
        "750" : 0.010000,
        "1000" : 0.000000
      },
      "latency_us" : {
        "2" : 0.000000,
        "4" : 0.000000,
        "10" : 0.010000,
        "20" : 0.010000,
        "50" : 0.010000,
        "100" : 0.237542,
        "250" : 20.606685,
        "500" : 71.235366,
        "750" : 7.859813,
        "1000" : 0.038747
      },
      "latency_ms" : {
        "2" : 0.014578,
        "4" : 0.010000,
        "10" : 0.010000,
        "20" : 0.000000,
        "50" : 0.000000,
        "100" : 0.000000,
        "250" : 0.000000,
        "500" : 0.000000,
        "750" : 0.000000,
        "1000" : 0.000000,
        "2000" : 0.000000,
        ">=2000" : 0.000000
      },
      "latency_depth" : 32,
      "latency_target" : 0,
      "latency_percentile" : 100.000000,
      "latency_window" : 0
    }
  ],
  "disk_util" : [
    {
      "name" : "loop0",
      "read_ios" : 2428854,
      "write_ios" : 0,
      "read_sectors" : 85531504,
      "write_sectors" : 0,
      "read_merges" : 0,
      "write_merges" : 0,
      "read_ticks" : 139732,
      "write_ticks" : 0,
      "in_queue" : 139732,
      "util" : 93.256853
    }
  ]
}
