{
  "fio version" : "fio-3.36",
  "timestamp" : 1759291612,
  "timestamp_ms" : 1759291612473,
  "time" : "Wed Oct  1 00:06:52 2025",
  "global options" : {
    "filename" : "/mnt/project_partition/testfile.img",
    "direct" : "1",
    "ioengine" : "libaio",
    "runtime" : "30s"
  },
  "jobs" : [
    {
      "jobname" : "bs_randread_4k",
      "groupid" : 0,
      "job_start" : 1759291582436,
      "error" : 0,
      "eta" : 0,
      "elapsed" : 31,
      "job options" : {
        "name" : "bs_randread_4k",
        "rw" : "randread",
        "bs" : "4k",
        "iodepth" : "32",
        "numjobs" : "1"
      },
      "read" : {
        "io_bytes" : 6716440576,
        "io_kbytes" : 6559024,
        "bw_bytes" : 223873890,
        "bw" : 218626,
        "iops" : 54656.711443,
        "runtime" : 30001,
        "total_ios" : 1639756,
        "short_ios" : 0,
        "drop_ios" : 0,
        "slat_ns" : {
          "min" : 795,
          "max" : 2291961,
          "mean" : 5865.419555,
          "stddev" : 7124.974597,
          "N" : 1639756
        },
        "clat_ns" : {
          "min" : 299,
          "max" : 11850155,
          "mean" : 578961.205128,
          "stddev" : 817796.822389,
          "N" : 1639756,
          "percentile" : {
            "1.000000" : 144384,
            "5.000000" : 175104,
            "10.000000" : 189440,
            "20.000000" : 207872,
            "30.000000" : 220160,
            "40.000000" : 232448,
            "50.000000" : 244736,
            "60.000000" : 259072,
            "70.000000" : 280576,
            "80.000000" : 325632,
            "90.000000" : 2072576,
            "95.000000" : 2605056,
            "99.000000" : 3424256,
            "99.500000" : 3686400,
            "99.900000" : 4292608,
            "99.950000" : 4685824,
            "99.990000" : 7634944
          }
        },
        "lat_ns" : {
          "min" : 1396,
          "max" : 11851543,
          "mean" : 584826.624683,
          "stddev" : 816767.377022,
          "N" : 1639756
        },
        "bw_min" : 53192,
        "bw_max" : 551264,
        "bw_agg" : 97.877733,
        "bw_mean" : 213987.813559,
        "bw_dev" : 221519.039440,
        "bw_samples" : 59,
        "iops_min" : 13298,
        "iops_max" : 137816,
        "iops_mean" : 53496.915254,
        "iops_stddev" : 55379.787632,
        "iops_samples" : 59
      },
      "write" : {
        "io_bytes" : 0,
        "io_kbytes" : 0,
        "bw_bytes" : 0,
        "bw" : 0,
        "iops" : 0.000000,
        "runtime" : 0,
        "total_ios" : 0,
        "short_ios" : 0,
        "drop_ios" : 0,
        "slat_ns" : {
          "min" : 0,
          "max" : 0,
          "mean" : 0.000000,
          "stddev" : 0.000000,
          "N" : 0
        },
        "clat_ns" : {
          "min" : 0,
          "max" : 0,
          "mean" : 0.000000,
          "stddev" : 0.000000,
          "N" : 0
        },
        "lat_ns" : {
          "min" : 0,
          "max" : 0,
          "mean" : 0.000000,
          "stddev" : 0.000000,
          "N" : 0
        },
        "bw_min" : 0,
        "bw_max" : 0,
        "bw_agg" : 0.000000,
        "bw_mean" : 0.000000,
        "bw_dev" : 0.000000,
        "bw_samples" : 0,
        "iops_min" : 0,
        "iops_max" : 0,
        "iops_mean" : 0.000000,
        "iops_stddev" : 0.000000,
        "iops_samples" : 0
      },
      "trim" : {
        "io_bytes" : 0,
        "io_kbytes" : 0,
        "bw_bytes" : 0,
        "bw" : 0,
        "iops" : 0.000000,
        "runtime" : 0,
        "total_ios" : 0,
        "short_ios" : 0,
        "drop_ios" : 0,
        "slat_ns" : {
          "min" : 0,
          "max" : 0,
          "mean" : 0.000000,
          "stddev" : 0.000000,
          "N" : 0
        },
        "clat_ns" : {
          "min" : 0,
          "max" : 0,
          "mean" : 0.000000,
          "stddev" : 0.000000,
          "N" : 0
        },
        "lat_ns" : {
          "min" : 0,
          "max" : 0,
          "mean" : 0.000000,
          "stddev" : 0.000000,
          "N" : 0
        },
        "bw_min" : 0,
        "bw_max" : 0,
        "bw_agg" : 0.000000,
        "bw_mean" : 0.000000,
        "bw_dev" : 0.000000,
        "bw_samples" : 0,
        "iops_min" : 0,
        "iops_max" : 0,
        "iops_mean" : 0.000000,
        "iops_stddev" : 0.000000,
        "iops_samples" : 0
      },
      "sync" : {
        "total_ios" : 0,
        "lat_ns" : {
          "min" : 0,
          "max" : 0,
          "mean" : 0.000000,
          "stddev" : 0.000000,
          "N" : 0
        }
      },
      "job_runtime" : 30000,
      "usr_cpu" : 6.976667,
      "sys_cpu" : 33.543333,
      "ctx" : 70948,
      "majf" : 0,
      "minf" : 45,
      "iodepth_level" : {
        "1" : 0.100000,
        "2" : 0.100000,
        "4" : 0.100000,
        "8" : 0.100000,
        "16" : 0.100000,
        "32" : 99.998109,
        ">=64" : 0.000000
      },
      "iodepth_submit" : {
        "0" : 0.000000,
        "4" : 100.000000,
        "8" : 0.000000,
        "16" : 0.000000,
        "32" : 0.000000,
        "64" : 0.000000,
        ">=64" : 0.000000
      },
      "iodepth_complete" : {
        "0" : 0.000000,
        "4" : 99.999939,
        "8" : 0.000000,
        "16" : 0.000000,
        "32" : 0.100000,
        "64" : 0.000000,
        ">=64" : 0.000000
      },
      "latency_ns" : {
        "2" : 0.000000,
        "4" : 0.000000,
        "10" : 0.000000,
        "20" : 0.000000,
        "50" : 0.000000,
        "100" : 0.000000,
        "250" : 0.000000,
        "500" : 0.010000,
        "750" : 0.010000,
        "1000" : 0.010000
      },
      "latency_us" : {
        "2" : 0.010000,
        "4" : 0.010000,
        "10" : 0.014148,
        "20" : 0.023479,
        "50" : 0.060924,
        "100" : 0.177282,
        "250" : 53.257375,
        "500" : 29.594769,
        "750" : 0.281871,
        "1000" : 0.269308
      },
      "latency_ms" : {
        "2" : 5.518687,
        "4" : 10.575171,
        "10" : 0.213080,
        "20" : 0.010000,
        "50" : 0.000000,
        "100" : 0.000000,
        "250" : 0.000000,
        "500" : 0.000000,
        "750" : 0.000000,
        "1000" : 0.000000,
        "2000" : 0.000000,
        ">=2000" : 0.000000
      },
      "latency_depth" : 32,
      "latency_target" : 0,
      "latency_percentile" : 100.000000,
      "latency_window" : 0
    }
  ],
  "disk_util" : [
    {
      "name" : "loop0",
      "read_ios" : 864181,
      "write_ios" : 117,
      "read_sectors" : 6913448,
      "write_sectors" : 3680,
      "read_merges" : 0,
      "write_merges" : 343,
      "read_ticks" : 630511,
      "write_ticks" : 470,
      "in_queue" : 630996,
      "util" : 94.390716
    }
  ]
}
