{
  "fio version" : "fio-3.36",
  "timestamp" : 1759291914,
  "timestamp_ms" : 1759291914943,
  "time" : "Wed Oct  1 00:11:54 2025",
  "global options" : {
    "filename" : "/mnt/project_partition/testfile.img",
    "direct" : "1",
    "ioengine" : "libaio",
    "runtime" : "30s"
  },
  "jobs" : [
    {
      "jobname" : "bs_read_128k",
      "groupid" : 0,
      "job_start" : 1759291884886,
      "error" : 0,
      "eta" : 0,
      "elapsed" : 31,
      "job options" : {
        "name" : "bs_read_128k",
        "rw" : "read",
        "bs" : "128k",
        "iodepth" : "32",
        "numjobs" : "1"
      },
      "read" : {
        "io_bytes" : 177307779072,
        "io_kbytes" : 173152128,
        "bw_bytes" : 5910062300,
        "bw" : 5771545,
        "iops" : 45090.196993,
        "runtime" : 30001,
        "total_ios" : 1352751,
        "short_ios" : 0,
        "drop_ios" : 0,
        "slat_ns" : {
          "min" : 2476,
          "max" : 1506167,
          "mean" : 14466.137136,
          "stddev" : 11904.397678,
          "N" : 1352751
        },
        "clat_ns" : {
          "min" : 12183,
          "max" : 3200268,
          "mean" : 694504.990055,
          "stddev" : 131992.778865,
          "N" : 1352751,
          "percentile" : {
            "1.000000" : 423936,
            "5.000000" : 544768,
            "10.000000" : 561152,
            "20.000000" : 577536,
            "30.000000" : 602112,
            "40.000000" : 651264,
            "50.000000" : 692224,
            "60.000000" : 716800,
            "70.000000" : 749568,
            "80.000000" : 790528,
            "90.000000" : 847872,
            "95.000000" : 905216,
            "99.000000" : 1089536,
            "99.500000" : 1171456,
            "99.900000" : 1400832,
            "99.950000" : 1548288,
            "99.990000" : 2277376
          }
        },
        "lat_ns" : {
          "min" : 23870,
          "max" : 3270259,
          "mean" : 708971.127191,
          "stddev" : 138017.983932,
          "N" : 1352751
        },
        "bw_min" : 4533248,
        "bw_max" : 6788352,
        "bw_agg" : 100.000000,
        "bw_mean" : 5781615.237288,
        "bw_dev" : 536905.250220,
        "bw_samples" : 59,
        "iops_min" : 35416,
        "iops_max" : 53034,
        "iops_mean" : 45168.847458,
        "iops_stddev" : 4194.571043,
        "iops_samples" : 59
      },
      "write" : {
        "io_bytes" : 0,
        "io_kbytes" : 0,
        "bw_bytes" : 0,
        "bw" : 0,
        "iops" : 0.000000,
        "runtime" : 0,
        "total_ios" : 0,
        "short_ios" : 0,
        "drop_ios" : 0,
        "slat_ns" : {
          "min" : 0,
          "max" : 0,
          "mean" : 0.000000,
          "stddev" : 0.000000,
          "N" : 0
        },
        "clat_ns" : {
          "min" : 0,
          "max" : 0,
          "mean" : 0.000000,
          "stddev" : 0.000000,
          "N" : 0
        },
        "lat_ns" : {
          "min" : 0,
          "max" : 0,
          "mean" : 0.000000,
          "stddev" : 0.000000,
          "N" : 0
        },
        "bw_min" : 0,
        "bw_max" : 0,
        "bw_agg" : 0.000000,
        "bw_mean" : 0.000000,
        "bw_dev" : 0.000000,
        "bw_samples" : 0,
        "iops_min" : 0,
        "iops_max" : 0,
        "iops_mean" : 0.000000,
        "iops_stddev" : 0.000000,
        "iops_samples" : 0
      },
      "trim" : {
        "io_bytes" : 0,
        "io_kbytes" : 0,
        "bw_bytes" : 0,
        "bw" : 0,
        "iops" : 0.000000,
        "runtime" : 0,
        "total_ios" : 0,
        "short_ios" : 0,
        "drop_ios" : 0,
        "slat_ns" : {
          "min" : 0,
          "max" : 0,
          "mean" : 0.000000,
          "stddev" : 0.000000,
          "N" : 0
        },
        "clat_ns" : {
          "min" : 0,
          "max" : 0,
          "mean" : 0.000000,
          "stddev" : 0.000000,
          "N" : 0
        },
        "lat_ns" : {
          "min" : 0,
          "max" : 0,
          "mean" : 0.000000,
          "stddev" : 0.000000,
          "N" : 0
        },
        "bw_min" : 0,
        "bw_max" : 0,
        "bw_agg" : 0.000000,
        "bw_mean" : 0.000000,
        "bw_dev" : 0.000000,
        "bw_samples" : 0,
        "iops_min" : 0,
        "iops_max" : 0,
        "iops_mean" : 0.000000,
        "iops_stddev" : 0.000000,
        "iops_samples" : 0
      },
      "sync" : {
        "total_ios" : 0,
        "lat_ns" : {
          "min" : 0,
          "max" : 0,
          "mean" : 0.000000,
          "stddev" : 0.000000,
          "N" : 0
        }
      },
      "job_runtime" : 30000,
      "usr_cpu" : 8.440000,
      "sys_cpu" : 64.380000,
      "ctx" : 20181,
      "majf" : 0,
      "minf" : 1035,
      "iodepth_level" : {
        "1" : 0.100000,
        "2" : 0.100000,
        "4" : 0.100000,
        "8" : 0.100000,
        "16" : 0.100000,
        "32" : 99.997708,
        ">=64" : 0.000000
      },
      "iodepth_submit" : {
        "0" : 0.000000,
        "4" : 100.000000,
        "8" : 0.000000,
        "16" : 0.000000,
        "32" : 0.000000,
        "64" : 0.000000,
        ">=64" : 0.000000
      },
      "iodepth_complete" : {
        "0" : 0.000000,
        "4" : 99.999926,
        "8" : 0.000000,
        "16" : 0.000000,
        "32" : 0.100000,
        "64" : 0.000000,
        ">=64" : 0.000000
      },
      "latency_ns" : {
        "2" : 0.000000,
        "4" : 0.000000,
        "10" : 0.000000,
        "20" : 0.000000,
        "50" : 0.000000,
        "100" : 0.000000,
        "250" : 0.000000,
        "500" : 0.000000,
        "750" : 0.000000,
        "1000" : 0.000000
      },
      "latency_us" : {
        "2" : 0.000000,
        "4" : 0.000000,
        "10" : 0.000000,
        "20" : 0.010000,
        "50" : 0.010000,
        "100" : 0.010000,
        "250" : 0.203068,
        "500" : 1.607317,
        "750" : 67.684075,
        "1000" : 28.554553
      },
      "latency_ms" : {
        "2" : 1.932950,
        "4" : 0.017520,
        "10" : 0.000000,
        "20" : 0.000000,
        "50" : 0.000000,
        "100" : 0.000000,
        "250" : 0.000000,
        "500" : 0.000000,
        "750" : 0.000000,
        "1000" : 0.000000,
        "2000" : 0.000000,
        ">=2000" : 0.000000
      },
      "latency_depth" : 32,
      "latency_target" : 0,
      "latency_percentile" : 100.000000,
      "latency_window" : 0
    }
  ],
  "disk_util" : [
    {
      "name" : "loop0",
      "read_ios" : 3152983,
      "write_ios" : 0,
      "read_sectors" : 178760240,
      "write_sectors" : 0,
      "read_merges" : 0,
      "write_merges" : 0,
      "read_ticks" : 387465,
      "write_ticks" : 0,
      "in_queue" : 387464,
      "util" : 98.779105
    }
  ]
}
