{
  "fio version" : "fio-3.36",
  "timestamp" : 1759291884,
  "timestamp_ms" : 1759291884687,
  "time" : "Wed Oct  1 00:11:24 2025",
  "global options" : {
    "filename" : "/mnt/project_partition/testfile.img",
    "direct" : "1",
    "ioengine" : "libaio",
    "runtime" : "30s"
  },
  "jobs" : [
    {
      "jobname" : "bs_read_64k",
      "groupid" : 0,
      "job_start" : 1759291854637,
      "error" : 0,
      "eta" : 0,
      "elapsed" : 31,
      "job options" : {
        "name" : "bs_read_64k",
        "rw" : "read",
        "bs" : "64k",
        "iodepth" : "32",
        "numjobs" : "1"
      },
      "read" : {
        "io_bytes" : 125288710144,
        "io_kbytes" : 122352256,
        "bw_bytes" : 4176151133,
        "bw" : 4078272,
        "iops" : 63723.009233,
        "runtime" : 30001,
        "total_ios" : 1911754,
        "short_ios" : 0,
        "drop_ios" : 0,
        "slat_ns" : {
          "min" : 1683,
          "max" : 483909,
          "mean" : 11491.700949,
          "stddev" : 9726.534136,
          "N" : 1911754
        },
        "clat_ns" : {
          "min" : 304,
          "max" : 1536142,
          "mean" : 490037.981029,
          "stddev" : 149302.724579,
          "N" : 1911754,
          "percentile" : {
            "1.000000" : 264192,
            "5.000000" : 288768,
            "10.000000" : 305152,
            "20.000000" : 325632,
            "30.000000" : 342016,
            "40.000000" : 391168,
            "50.000000" : 536576,
            "60.000000" : 577536,
            "70.000000" : 610304,
            "80.000000" : 634880,
            "90.000000" : 667648,
            "95.000000" : 692224,
            "99.000000" : 749568,
            "99.500000" : 782336,
            "99.900000" : 864256,
            "99.950000" : 905216,
            "99.990000" : 1073152
          }
        },
        "lat_ns" : {
          "min" : 4025,
          "max" : 1546050,
          "mean" : 501529.681978,
          "stddev" : 156033.254760,
          "N" : 1911754
        },
        "bw_min" : 3189632,
        "bw_max" : 6028288,
        "bw_agg" : 100.000000,
        "bw_mean" : 4091001.491525,
        "bw_dev" : 986669.381609,
        "bw_samples" : 59,
        "iops_min" : 49838,
        "iops_max" : 94192,
        "iops_mean" : 63921.898305,
        "iops_stddev" : 15416.709114,
        "iops_samples" : 59
      },
      "write" : {
        "io_bytes" : 0,
        "io_kbytes" : 0,
        "bw_bytes" : 0,
        "bw" : 0,
        "iops" : 0.000000,
        "runtime" : 0,
        "total_ios" : 0,
        "short_ios" : 0,
        "drop_ios" : 0,
        "slat_ns" : {
          "min" : 0,
          "max" : 0,
          "mean" : 0.000000,
          "stddev" : 0.000000,
          "N" : 0
        },
        "clat_ns" : {
          "min" : 0,
          "max" : 0,
          "mean" : 0.000000,
          "stddev" : 0.000000,
          "N" : 0
        },
        "lat_ns" : {
          "min" : 0,
          "max" : 0,
          "mean" : 0.000000,
          "stddev" : 0.000000,
          "N" : 0
        },
        "bw_min" : 0,
        "bw_max" : 0,
        "bw_agg" : 0.000000,
        "bw_mean" : 0.000000,
        "bw_dev" : 0.000000,
        "bw_samples" : 0,
        "iops_min" : 0,
        "iops_max" : 0,
        "iops_mean" : 0.000000,
        "iops_stddev" : 0.000000,
        "iops_samples" : 0
      },
      "trim" : {
        "io_bytes" : 0,
        "io_kbytes" : 0,
        "bw_bytes" : 0,
        "bw" : 0,
        "iops" : 0.000000,
        "runtime" : 0,
        "total_ios" : 0,
        "short_ios" : 0,
        "drop_ios" : 0,
        "slat_ns" : {
          "min" : 0,
          "max" : 0,
          "mean" : 0.000000,
          "stddev" : 0.000000,
          "N" : 0
        },
        "clat_ns" : {
          "min" : 0,
          "max" : 0,
          "mean" : 0.000000,
          "stddev" : 0.000000,
          "N" : 0
        },
        "lat_ns" : {
          "min" : 0,
          "max" : 0,
          "mean" : 0.000000,
          "stddev" : 0.000000,
          "N" : 0
        },
        "bw_min" : 0,
        "bw_max" : 0,
        "bw_agg" : 0.000000,
        "bw_mean" : 0.000000,
        "bw_dev" : 0.000000,
        "bw_samples" : 0,
        "iops_min" : 0,
        "iops_max" : 0,
        "iops_mean" : 0.000000,
        "iops_stddev" : 0.000000,
        "iops_samples" : 0
      },
      "sync" : {
        "total_ios" : 0,
        "lat_ns" : {
          "min" : 0,
          "max" : 0,
          "mean" : 0.000000,
          "stddev" : 0.000000,
          "N" : 0
        }
      },
      "job_runtime" : 30000,
      "usr_cpu" : 10.046667,
      "sys_cpu" : 73.233333,
      "ctx" : 27486,
      "majf" : 0,
      "minf" : 527,
      "iodepth_level" : {
        "1" : 0.100000,
        "2" : 0.100000,
        "4" : 0.100000,
        "8" : 0.100000,
        "16" : 0.100000,
        "32" : 99.998378,
        ">=64" : 0.000000
      },
      "iodepth_submit" : {
        "0" : 0.000000,
        "4" : 100.000000,
        "8" : 0.000000,
        "16" : 0.000000,
        "32" : 0.000000,
        "64" : 0.000000,
        ">=64" : 0.000000
      },
      "iodepth_complete" : {
        "0" : 0.000000,
        "4" : 99.999948,
        "8" : 0.000000,
        "16" : 0.000000,
        "32" : 0.100000,
        "64" : 0.000000,
        ">=64" : 0.000000
      },
      "latency_ns" : {
        "2" : 0.000000,
        "4" : 0.000000,
        "10" : 0.000000,
        "20" : 0.000000,
        "50" : 0.000000,
        "100" : 0.000000,
        "250" : 0.000000,
        "500" : 0.010000,
        "750" : 0.000000,
        "1000" : 0.000000
      },
      "latency_us" : {
        "2" : 0.000000,
        "4" : 0.000000,
        "10" : 0.010000,
        "20" : 0.010000,
        "50" : 0.010000,
        "100" : 0.015117,
        "250" : 0.644121,
        "500" : 44.917442,
        "750" : 53.404779,
        "1000" : 0.998036
      },
      "latency_ms" : {
        "2" : 0.019563,
        "4" : 0.000000,
        "10" : 0.000000,
        "20" : 0.000000,
        "50" : 0.000000,
        "100" : 0.000000,
        "250" : 0.000000,
        "500" : 0.000000,
        "750" : 0.000000,
        "1000" : 0.000000,
        "2000" : 0.000000,
        ">=2000" : 0.000000
      },
      "latency_depth" : 32,
      "latency_target" : 0,
      "latency_percentile" : 100.000000,
      "latency_window" : 0
    }
  ],
  "disk_util" : [
    {
      "name" : "loop0",
      "read_ios" : 2659804,
      "write_ios" : 0,
      "read_sectors" : 127349496,
      "write_sectors" : 0,
      "read_merges" : 0,
      "write_merges" : 0,
      "read_ticks" : 267751,
      "write_ticks" : 0,
      "in_queue" : 267752,
      "util" : 97.174312
    }
  ]
}
