{
  "fio version" : "fio-3.36",
  "timestamp" : 1759291763,
  "timestamp_ms" : 1759291763713,
  "time" : "Wed Oct  1 00:09:23 2025",
  "global options" : {
    "filename" : "/mnt/project_partition/testfile.img",
    "direct" : "1",
    "ioengine" : "libaio",
    "runtime" : "30s"
  },
  "jobs" : [
    {
      "jobname" : "bs_randread_256k",
      "groupid" : 0,
      "job_start" : 1759291733665,
      "error" : 0,
      "eta" : 0,
      "elapsed" : 31,
      "job options" : {
        "name" : "bs_randread_256k",
        "rw" : "randread",
        "bs" : "256k",
        "iodepth" : "32",
        "numjobs" : "1"
      },
      "read" : {
        "io_bytes" : 309956706304,
        "io_kbytes" : 302692096,
        "bw_bytes" : 10331545825,
        "bw" : 10089400,
        "iops" : 39411.719609,
        "runtime" : 30001,
        "total_ios" : 1182391,
        "short_ios" : 0,
        "drop_ios" : 0,
        "slat_ns" : {
          "min" : 4003,
          "max" : 3798972,
          "mean" : 19764.414298,
          "stddev" : 32880.205937,
          "N" : 1182391
        },
        "clat_ns" : {
          "min" : 6496,
          "max" : 6505471,
          "mean" : 791488.070395,
          "stddev" : 181361.567662,
          "N" : 1182391,
          "percentile" : {
            "1.000000" : 448512,
            "5.000000" : 522240,
            "10.000000" : 577536,
            "20.000000" : 651264,
            "30.000000" : 700416,
            "40.000000" : 741376,
            "50.000000" : 774144,
            "60.000000" : 815104,
            "70.000000" : 856064,
            "80.000000" : 921600,
            "90.000000" : 1011712,
            "95.000000" : 1105920,
            "99.000000" : 1318912,
            "99.500000" : 1417216,
            "99.900000" : 1712128,
            "99.950000" : 1843200,
            "99.990000" : 2441216
          }
        },
        "lat_ns" : {
          "min" : 18788,
          "max" : 6561634,
          "mean" : 811252.484692,
          "stddev" : 180925.196181,
          "N" : 1182391
        },
        "bw_min" : 9227264,
        "bw_max" : 10614784,
        "bw_agg" : 100.000000,
        "bw_mean" : 10099554.101695,
        "bw_dev" : 257786.912844,
        "bw_samples" : 59,
        "iops_min" : 36044,
        "iops_max" : 41464,
        "iops_mean" : 39451.372881,
        "iops_stddev" : 1006.961954,
        "iops_samples" : 59
      },
      "write" : {
        "io_bytes" : 0,
        "io_kbytes" : 0,
        "bw_bytes" : 0,
        "bw" : 0,
        "iops" : 0.000000,
        "runtime" : 0,
        "total_ios" : 0,
        "short_ios" : 0,
        "drop_ios" : 0,
        "slat_ns" : {
          "min" : 0,
          "max" : 0,
          "mean" : 0.000000,
          "stddev" : 0.000000,
          "N" : 0
        },
        "clat_ns" : {
          "min" : 0,
          "max" : 0,
          "mean" : 0.000000,
          "stddev" : 0.000000,
          "N" : 0
        },
        "lat_ns" : {
          "min" : 0,
          "max" : 0,
          "mean" : 0.000000,
          "stddev" : 0.000000,
          "N" : 0
        },
        "bw_min" : 0,
        "bw_max" : 0,
        "bw_agg" : 0.000000,
        "bw_mean" : 0.000000,
        "bw_dev" : 0.000000,
        "bw_samples" : 0,
        "iops_min" : 0,
        "iops_max" : 0,
        "iops_mean" : 0.000000,
        "iops_stddev" : 0.000000,
        "iops_samples" : 0
      },
      "trim" : {
        "io_bytes" : 0,
        "io_kbytes" : 0,
        "bw_bytes" : 0,
        "bw" : 0,
        "iops" : 0.000000,
        "runtime" : 0,
        "total_ios" : 0,
        "short_ios" : 0,
        "drop_ios" : 0,
        "slat_ns" : {
          "min" : 0,
          "max" : 0,
          "mean" : 0.000000,
          "stddev" : 0.000000,
          "N" : 0
        },
        "clat_ns" : {
          "min" : 0,
          "max" : 0,
          "mean" : 0.000000,
          "stddev" : 0.000000,
          "N" : 0
        },
        "lat_ns" : {
          "min" : 0,
          "max" : 0,
          "mean" : 0.000000,
          "stddev" : 0.000000,
          "N" : 0
        },
        "bw_min" : 0,
        "bw_max" : 0,
        "bw_agg" : 0.000000,
        "bw_mean" : 0.000000,
        "bw_dev" : 0.000000,
        "bw_samples" : 0,
        "iops_min" : 0,
        "iops_max" : 0,
        "iops_mean" : 0.000000,
        "iops_stddev" : 0.000000,
        "iops_samples" : 0
      },
      "sync" : {
        "total_ios" : 0,
        "lat_ns" : {
          "min" : 0,
          "max" : 0,
          "mean" : 0.000000,
          "stddev" : 0.000000,
          "N" : 0
        }
      },
      "job_runtime" : 30000,
      "usr_cpu" : 5.510000,
      "sys_cpu" : 65.966667,
      "ctx" : 33495,
      "majf" : 0,
      "minf" : 2060,
      "iodepth_level" : {
        "1" : 0.100000,
        "2" : 0.100000,
        "4" : 0.100000,
        "8" : 0.100000,
        "16" : 0.100000,
        "32" : 99.997378,
        ">=64" : 0.000000
      },
      "iodepth_submit" : {
        "0" : 0.000000,
        "4" : 100.000000,
        "8" : 0.000000,
        "16" : 0.000000,
        "32" : 0.000000,
        "64" : 0.000000,
        ">=64" : 0.000000
      },
      "iodepth_complete" : {
        "0" : 0.000000,
        "4" : 99.999915,
        "8" : 0.000000,
        "16" : 0.000000,
        "32" : 0.100000,
        "64" : 0.000000,
        ">=64" : 0.000000
      },
      "latency_ns" : {
        "2" : 0.000000,
        "4" : 0.000000,
        "10" : 0.000000,
        "20" : 0.000000,
        "50" : 0.000000,
        "100" : 0.000000,
        "250" : 0.000000,
        "500" : 0.000000,
        "750" : 0.000000,
        "1000" : 0.000000
      },
      "latency_us" : {
        "2" : 0.000000,
        "4" : 0.000000,
        "10" : 0.010000,
        "20" : 0.000000,
        "50" : 0.010000,
        "100" : 0.010000,
        "250" : 0.010000,
        "500" : 3.437864,
        "750" : 39.771192,
        "1000" : 45.827988
      },
      "latency_ms" : {
        "2" : 10.932424,
        "4" : 0.023343,
        "10" : 0.010000,
        "20" : 0.000000,
        "50" : 0.000000,
        "100" : 0.000000,
        "250" : 0.000000,
        "500" : 0.000000,
        "750" : 0.000000,
        "1000" : 0.000000,
        "2000" : 0.000000,
        ">=2000" : 0.000000
      },
      "latency_depth" : 32,
      "latency_target" : 0,
      "latency_percentile" : 100.000000,
      "latency_window" : 0
    }
  ],
  "disk_util" : [
    {
      "name" : "loop0",
      "read_ios" : 5029932,
      "write_ios" : 0,
      "read_sectors" : 307809048,
      "write_sectors" : 0,
      "read_merges" : 0,
      "write_merges" : 0,
      "read_ticks" : 2084586,
      "write_ticks" : 0,
      "in_queue" : 2084587,
      "util" : 99.479445
    }
  ]
}
