{
  "fio version" : "fio-3.36",
  "timestamp" : 1759291642,
  "timestamp_ms" : 1759291642719,
  "time" : "Wed Oct  1 00:07:22 2025",
  "global options" : {
    "filename" : "/mnt/project_partition/testfile.img",
    "direct" : "1",
    "ioengine" : "libaio",
    "runtime" : "30s"
  },
  "jobs" : [
    {
      "jobname" : "bs_randread_16k",
      "groupid" : 0,
      "job_start" : 1759291612672,
      "error" : 0,
      "eta" : 0,
      "elapsed" : 31,
      "job options" : {
        "name" : "bs_randread_16k",
        "rw" : "randread",
        "bs" : "16k",
        "iodepth" : "32",
        "numjobs" : "1"
      },
      "read" : {
        "io_bytes" : 45393362944,
        "io_kbytes" : 44329456,
        "bw_bytes" : 1513061662,
        "bw" : 1477599,
        "iops" : 92349.955001,
        "runtime" : 30001,
        "total_ios" : 2770591,
        "short_ios" : 0,
        "drop_ios" : 0,
        "slat_ns" : {
          "min" : 1188,
          "max" : 871638,
          "mean" : 9294.062290,
          "stddev" : 7179.751797,
          "N" : 2770591
        },
        "clat_ns" : {
          "min" : 297,
          "max" : 1911054,
          "mean" : 336461.622008,
          "stddev" : 60478.034276,
          "N" : 2770591,
          "percentile" : {
            "1.000000" : 183296,
            "5.000000" : 240640,
            "10.000000" : 264192,
            "20.000000" : 292864,
            "30.000000" : 309248,
            "40.000000" : 325632,
            "50.000000" : 337920,
            "60.000000" : 350208,
            "70.000000" : 362496,
            "80.000000" : 378880,
            "90.000000" : 403456,
            "95.000000" : 432128,
            "99.000000" : 493568,
            "99.500000" : 518144,
            "99.900000" : 585728,
            "99.950000" : 643072,
            "99.990000" : 847872
          }
        },
        "lat_ns" : {
          "min" : 1981,
          "max" : 1928826,
          "mean" : 345755.684298,
          "stddev" : 62048.804639,
          "N" : 2770591
        },
        "bw_min" : 1181920,
        "bw_max" : 1975040,
        "bw_agg" : 100.000000,
        "bw_mean" : 1477975.000000,
        "bw_dev" : 147779.089011,
        "bw_samples" : 59,
        "iops_min" : 73870,
        "iops_max" : 123440,
        "iops_mean" : 92373.423729,
        "iops_stddev" : 9236.209749,
        "iops_samples" : 59
      },
      "write" : {
        "io_bytes" : 0,
        "io_kbytes" : 0,
        "bw_bytes" : 0,
        "bw" : 0,
        "iops" : 0.000000,
        "runtime" : 0,
        "total_ios" : 0,
        "short_ios" : 0,
        "drop_ios" : 0,
        "slat_ns" : {
          "min" : 0,
          "max" : 0,
          "mean" : 0.000000,
          "stddev" : 0.000000,
          "N" : 0
        },
        "clat_ns" : {
          "min" : 0,
          "max" : 0,
          "mean" : 0.000000,
          "stddev" : 0.000000,
          "N" : 0
        },
        "lat_ns" : {
          "min" : 0,
          "max" : 0,
          "mean" : 0.000000,
          "stddev" : 0.000000,
          "N" : 0
        },
        "bw_min" : 0,
        "bw_max" : 0,
        "bw_agg" : 0.000000,
        "bw_mean" : 0.000000,
        "bw_dev" : 0.000000,
        "bw_samples" : 0,
        "iops_min" : 0,
        "iops_max" : 0,
        "iops_mean" : 0.000000,
        "iops_stddev" : 0.000000,
        "iops_samples" : 0
      },
      "trim" : {
        "io_bytes" : 0,
        "io_kbytes" : 0,
        "bw_bytes" : 0,
        "bw" : 0,
        "iops" : 0.000000,
        "runtime" : 0,
        "total_ios" : 0,
        "short_ios" : 0,
        "drop_ios" : 0,
        "slat_ns" : {
          "min" : 0,
          "max" : 0,
          "mean" : 0.000000,
          "stddev" : 0.000000,
          "N" : 0
        },
        "clat_ns" : {
          "min" : 0,
          "max" : 0,
          "mean" : 0.000000,
          "stddev" : 0.000000,
          "N" : 0
        },
        "lat_ns" : {
          "min" : 0,
          "max" : 0,
          "mean" : 0.000000,
          "stddev" : 0.000000,
          "N" : 0
        },
        "bw_min" : 0,
        "bw_max" : 0,
        "bw_agg" : 0.000000,
        "bw_mean" : 0.000000,
        "bw_dev" : 0.000000,
        "bw_samples" : 0,
        "iops_min" : 0,
        "iops_max" : 0,
        "iops_mean" : 0.000000,
        "iops_stddev" : 0.000000,
        "iops_samples" : 0
      },
      "sync" : {
        "total_ios" : 0,
        "lat_ns" : {
          "min" : 0,
          "max" : 0,
          "mean" : 0.000000,
          "stddev" : 0.000000,
          "N" : 0
        }
      },
      "job_runtime" : 30000,
      "usr_cpu" : 14.426667,
      "sys_cpu" : 85.500000,
      "ctx" : 226,
      "majf" : 0,
      "minf" : 140,
      "iodepth_level" : {
        "1" : 0.100000,
        "2" : 0.100000,
        "4" : 0.100000,
        "8" : 0.100000,
        "16" : 0.100000,
        "32" : 99.998881,
        ">=64" : 0.000000
      },
      "iodepth_submit" : {
        "0" : 0.000000,
        "4" : 100.000000,
        "8" : 0.000000,
        "16" : 0.000000,
        "32" : 0.000000,
        "64" : 0.000000,
        ">=64" : 0.000000
      },
      "iodepth_complete" : {
        "0" : 0.000000,
        "4" : 99.999964,
        "8" : 0.000000,
        "16" : 0.000000,
        "32" : 0.100000,
        "64" : 0.000000,
        ">=64" : 0.000000
      },
      "latency_ns" : {
        "2" : 0.000000,
        "4" : 0.000000,
        "10" : 0.000000,
        "20" : 0.000000,
        "50" : 0.000000,
        "100" : 0.000000,
        "250" : 0.000000,
        "500" : 0.010000,
        "750" : 0.000000,
        "1000" : 0.000000
      },
      "latency_us" : {
        "2" : 0.000000,
        "4" : 0.010000,
        "10" : 0.010000,
        "20" : 0.010000,
        "50" : 0.032087,
        "100" : 0.152495,
        "250" : 6.468115,
        "500" : 92.488678,
        "750" : 0.818526,
        "1000" : 0.017505
      },
      "latency_ms" : {
        "2" : 0.010000,
        "4" : 0.000000,
        "10" : 0.000000,
        "20" : 0.000000,
        "50" : 0.000000,
        "100" : 0.000000,
        "250" : 0.000000,
        "500" : 0.000000,
        "750" : 0.000000,
        "1000" : 0.000000,
        "2000" : 0.000000,
        ">=2000" : 0.000000
      },
      "latency_depth" : 32,
      "latency_target" : 0,
      "latency_percentile" : 100.000000,
      "latency_window" : 0
    }
  ],
  "disk_util" : [
    {
      "name" : "loop0",
      "read_ios" : 1902204,
      "write_ios" : 0,
      "read_sectors" : 45053448,
      "write_sectors" : 0,
      "read_merges" : 0,
      "write_merges" : 0,
      "read_ticks" : 46665,
      "write_ticks" : 0,
      "in_queue" : 46665,
      "util" : 93.145202
    }
  ]
}
