{
  "fio version" : "fio-3.36",
  "timestamp" : 1759291945,
  "timestamp_ms" : 1759291945183,
  "time" : "Wed Oct  1 00:12:25 2025",
  "global options" : {
    "filename" : "/mnt/project_partition/testfile.img",
    "direct" : "1",
    "ioengine" : "libaio",
    "runtime" : "30s"
  },
  "jobs" : [
    {
      "jobname" : "bs_read_256k",
      "groupid" : 0,
      "job_start" : 1759291915139,
      "error" : 0,
      "eta" : 0,
      "elapsed" : 31,
      "job options" : {
        "name" : "bs_read_256k",
        "rw" : "read",
        "bs" : "256k",
        "iodepth" : "32",
        "numjobs" : "1"
      },
      "read" : {
        "io_bytes" : 185229639680,
        "io_kbytes" : 180888320,
        "bw_bytes" : 6174115518,
        "bw" : 6029409,
        "iops" : 23552.381587,
        "runtime" : 30001,
        "total_ios" : 706595,
        "short_ios" : 0,
        "drop_ios" : 0,
        "slat_ns" : {
          "min" : 3859,
          "max" : 875896,
          "mean" : 24661.975940,
          "stddev" : 19185.195730,
          "N" : 706595
        },
        "clat_ns" : {
          "min" : 46959,
          "max" : 5589199,
          "mean" : 1333048.268313,
          "stddev" : 321655.574544,
          "N" : 706595,
          "percentile" : {
            "1.000000" : 518144,
            "5.000000" : 1019904,
            "10.000000" : 1089536,
            "20.000000" : 1138688,
            "30.000000" : 1171456,
            "40.000000" : 1220608,
            "50.000000" : 1269760,
            "60.000000" : 1318912,
            "70.000000" : 1384448,
            "80.000000" : 1499136,
            "90.000000" : 1695744,
            "95.000000" : 1925120,
            "99.000000" : 2473984,
            "99.500000" : 2703360,
            "99.900000" : 3293184,
            "99.950000" : 3522560,
            "99.990000" : 4292608
          }
        },
        "lat_ns" : {
          "min" : 85992,
          "max" : 5686751,
          "mean" : 1357710.244253,
          "stddev" : 321484.544177,
          "N" : 706595
        },
        "bw_min" : 5134848,
        "bw_max" : 7005696,
        "bw_agg" : 100.000000,
        "bw_mean" : 6035021.491525,
        "bw_dev" : 463168.130596,
        "bw_samples" : 59,
        "iops_min" : 20058,
        "iops_max" : 27366,
        "iops_mean" : 23574.288136,
        "iops_stddev" : 1809.249178,
        "iops_samples" : 59
      },
      "write" : {
        "io_bytes" : 0,
        "io_kbytes" : 0,
        "bw_bytes" : 0,
        "bw" : 0,
        "iops" : 0.000000,
        "runtime" : 0,
        "total_ios" : 0,
        "short_ios" : 0,
        "drop_ios" : 0,
        "slat_ns" : {
          "min" : 0,
          "max" : 0,
          "mean" : 0.000000,
          "stddev" : 0.000000,
          "N" : 0
        },
        "clat_ns" : {
          "min" : 0,
          "max" : 0,
          "mean" : 0.000000,
          "stddev" : 0.000000,
          "N" : 0
        },
        "lat_ns" : {
          "min" : 0,
          "max" : 0,
          "mean" : 0.000000,
          "stddev" : 0.000000,
          "N" : 0
        },
        "bw_min" : 0,
        "bw_max" : 0,
        "bw_agg" : 0.000000,
        "bw_mean" : 0.000000,
        "bw_dev" : 0.000000,
        "bw_samples" : 0,
        "iops_min" : 0,
        "iops_max" : 0,
        "iops_mean" : 0.000000,
        "iops_stddev" : 0.000000,
        "iops_samples" : 0
      },
      "trim" : {
        "io_bytes" : 0,
        "io_kbytes" : 0,
        "bw_bytes" : 0,
        "bw" : 0,
        "iops" : 0.000000,
        "runtime" : 0,
        "total_ios" : 0,
        "short_ios" : 0,
        "drop_ios" : 0,
        "slat_ns" : {
          "min" : 0,
          "max" : 0,
          "mean" : 0.000000,
          "stddev" : 0.000000,
          "N" : 0
        },
        "clat_ns" : {
          "min" : 0,
          "max" : 0,
          "mean" : 0.000000,
          "stddev" : 0.000000,
          "N" : 0
        },
        "lat_ns" : {
          "min" : 0,
          "max" : 0,
          "mean" : 0.000000,
          "stddev" : 0.000000,
          "N" : 0
        },
        "bw_min" : 0,
        "bw_max" : 0,
        "bw_agg" : 0.000000,
        "bw_mean" : 0.000000,
        "bw_dev" : 0.000000,
        "bw_samples" : 0,
        "iops_min" : 0,
        "iops_max" : 0,
        "iops_mean" : 0.000000,
        "iops_stddev" : 0.000000,
        "iops_samples" : 0
      },
      "sync" : {
        "total_ios" : 0,
        "lat_ns" : {
          "min" : 0,
          "max" : 0,
          "mean" : 0.000000,
          "stddev" : 0.000000,
          "N" : 0
        }
      },
      "job_runtime" : 30000,
      "usr_cpu" : 5.173333,
      "sys_cpu" : 57.773333,
      "ctx" : 12174,
      "majf" : 0,
      "minf" : 2061,
      "iodepth_level" : {
        "1" : 0.100000,
        "2" : 0.100000,
        "4" : 0.100000,
        "8" : 0.100000,
        "16" : 0.100000,
        "32" : 99.995613,
        ">=64" : 0.000000
      },
      "iodepth_submit" : {
        "0" : 0.000000,
        "4" : 100.000000,
        "8" : 0.000000,
        "16" : 0.000000,
        "32" : 0.000000,
        "64" : 0.000000,
        ">=64" : 0.000000
      },
      "iodepth_complete" : {
        "0" : 0.000000,
        "4" : 99.999858,
        "8" : 0.000000,
        "16" : 0.000000,
        "32" : 0.100000,
        "64" : 0.000000,
        ">=64" : 0.000000
      },
      "latency_ns" : {
        "2" : 0.000000,
        "4" : 0.000000,
        "10" : 0.000000,
        "20" : 0.000000,
        "50" : 0.000000,
        "100" : 0.000000,
        "250" : 0.000000,
        "500" : 0.000000,
        "750" : 0.000000,
        "1000" : 0.000000
      },
      "latency_us" : {
        "2" : 0.000000,
        "4" : 0.000000,
        "10" : 0.000000,
        "20" : 0.000000,
        "50" : 0.010000,
        "100" : 0.010000,
        "250" : 0.106850,
        "500" : 0.775409,
        "750" : 1.592992,
        "1000" : 1.905901
      },
      "latency_ms" : {
        "2" : 91.550747,
        "4" : 4.047863,
        "10" : 0.019955,
        "20" : 0.000000,
        "50" : 0.000000,
        "100" : 0.000000,
        "250" : 0.000000,
        "500" : 0.000000,
        "750" : 0.000000,
        "1000" : 0.000000,
        "2000" : 0.000000,
        ">=2000" : 0.000000
      },
      "latency_depth" : 32,
      "latency_target" : 0,
      "latency_percentile" : 100.000000,
      "latency_window" : 0
    }
  ],
  "disk_util" : [
    {
      "name" : "loop0",
      "read_ios" : 2965592,
      "write_ios" : 0,
      "read_sectors" : 187142512,
      "write_sectors" : 0,
      "read_merges" : 0,
      "write_merges" : 0,
      "read_ticks" : 516912,
      "write_ticks" : 0,
      "in_queue" : 516911,
      "util" : 99.466453
    }
  ]
}
