{
  "fio version" : "fio-3.36",
  "timestamp" : 1759291793,
  "timestamp_ms" : 1759291793959,
  "time" : "Wed Oct  1 00:09:53 2025",
  "global options" : {
    "filename" : "/mnt/project_partition/testfile.img",
    "direct" : "1",
    "ioengine" : "libaio",
    "runtime" : "30s"
  },
  "jobs" : [
    {
      "jobname" : "bs_read_4k",
      "groupid" : 0,
      "job_start" : 1759291763909,
      "error" : 0,
      "eta" : 0,
      "elapsed" : 31,
      "job options" : {
        "name" : "bs_read_4k",
        "rw" : "read",
        "bs" : "4k",
        "iodepth" : "32",
        "numjobs" : "1"
      },
      "read" : {
        "io_bytes" : 17503870976,
        "io_kbytes" : 17093624,
        "bw_bytes" : 583442917,
        "bw" : 569768,
        "iops" : 142442.118596,
        "runtime" : 30001,
        "total_ios" : 4273406,
        "short_ios" : 0,
        "drop_ios" : 0,
        "slat_ns" : {
          "min" : 694,
          "max" : 1245437,
          "mean" : 5911.670461,
          "stddev" : 6580.722149,
          "N" : 4273406
        },
        "clat_ns" : {
          "min" : 2825,
          "max" : 2695924,
          "mean" : 218291.429105,
          "stddev" : 129998.515123,
          "N" : 4273406,
          "percentile" : {
            "1.000000" : 51456,
            "5.000000" : 68096,
            "10.000000" : 82432,
            "20.000000" : 98816,
            "30.000000" : 109056,
            "40.000000" : 124416,
            "50.000000" : 150528,
            "60.000000" : 296960,
            "70.000000" : 329728,
            "80.000000" : 350208,
            "90.000000" : 374784,
            "95.000000" : 403456,
            "99.000000" : 536576,
            "99.500000" : 552960,
            "99.900000" : 610304,
            "99.950000" : 684032,
            "99.990000" : 954368
          }
        },
        "lat_ns" : {
          "min" : 18966,
          "max" : 2768447,
          "mean" : 224203.099566,
          "stddev" : 133693.741311,
          "N" : 4273406
        },
        "bw_min" : 334488,
        "bw_max" : 1153536,
        "bw_agg" : 100.000000,
        "bw_mean" : 573457.745763,
        "bw_dev" : 347635.453992,
        "bw_samples" : 59,
        "iops_min" : 83622,
        "iops_max" : 288384,
        "iops_mean" : 143364.406780,
        "iops_stddev" : 86908.834447,
        "iops_samples" : 59
      },
      "write" : {
        "io_bytes" : 0,
        "io_kbytes" : 0,
        "bw_bytes" : 0,
        "bw" : 0,
        "iops" : 0.000000,
        "runtime" : 0,
        "total_ios" : 0,
        "short_ios" : 0,
        "drop_ios" : 0,
        "slat_ns" : {
          "min" : 0,
          "max" : 0,
          "mean" : 0.000000,
          "stddev" : 0.000000,
          "N" : 0
        },
        "clat_ns" : {
          "min" : 0,
          "max" : 0,
          "mean" : 0.000000,
          "stddev" : 0.000000,
          "N" : 0
        },
        "lat_ns" : {
          "min" : 0,
          "max" : 0,
          "mean" : 0.000000,
          "stddev" : 0.000000,
          "N" : 0
        },
        "bw_min" : 0,
        "bw_max" : 0,
        "bw_agg" : 0.000000,
        "bw_mean" : 0.000000,
        "bw_dev" : 0.000000,
        "bw_samples" : 0,
        "iops_min" : 0,
        "iops_max" : 0,
        "iops_mean" : 0.000000,
        "iops_stddev" : 0.000000,
        "iops_samples" : 0
      },
      "trim" : {
        "io_bytes" : 0,
        "io_kbytes" : 0,
        "bw_bytes" : 0,
        "bw" : 0,
        "iops" : 0.000000,
        "runtime" : 0,
        "total_ios" : 0,
        "short_ios" : 0,
        "drop_ios" : 0,
        "slat_ns" : {
          "min" : 0,
          "max" : 0,
          "mean" : 0.000000,
          "stddev" : 0.000000,
          "N" : 0
        },
        "clat_ns" : {
          "min" : 0,
          "max" : 0,
          "mean" : 0.000000,
          "stddev" : 0.000000,
          "N" : 0
        },
        "lat_ns" : {
          "min" : 0,
          "max" : 0,
          "mean" : 0.000000,
          "stddev" : 0.000000,
          "N" : 0
        },
        "bw_min" : 0,
        "bw_max" : 0,
        "bw_agg" : 0.000000,
        "bw_mean" : 0.000000,
        "bw_dev" : 0.000000,
        "bw_samples" : 0,
        "iops_min" : 0,
        "iops_max" : 0,
        "iops_mean" : 0.000000,
        "iops_stddev" : 0.000000,
        "iops_samples" : 0
      },
      "sync" : {
        "total_ios" : 0,
        "lat_ns" : {
          "min" : 0,
          "max" : 0,
          "mean" : 0.000000,
          "stddev" : 0.000000,
          "N" : 0
        }
      },
      "job_runtime" : 30000,
      "usr_cpu" : 15.126667,
      "sys_cpu" : 84.776667,
      "ctx" : 432,
      "majf" : 0,
      "minf" : 45,
      "iodepth_level" : {
        "1" : 0.100000,
        "2" : 0.100000,
        "4" : 0.100000,
        "8" : 0.100000,
        "16" : 0.100000,
        "32" : 99.999275,
        ">=64" : 0.000000
      },
      "iodepth_submit" : {
        "0" : 0.000000,
        "4" : 100.000000,
        "8" : 0.000000,
        "16" : 0.000000,
        "32" : 0.000000,
        "64" : 0.000000,
        ">=64" : 0.000000
      },
      "iodepth_complete" : {
        "0" : 0.000000,
        "4" : 99.999977,
        "8" : 0.000000,
        "16" : 0.000000,
        "32" : 0.100000,
        "64" : 0.000000,
        ">=64" : 0.000000
      },
      "latency_ns" : {
        "2" : 0.000000,
        "4" : 0.000000,
        "10" : 0.000000,
        "20" : 0.000000,
        "50" : 0.000000,
        "100" : 0.000000,
        "250" : 0.000000,
        "500" : 0.000000,
        "750" : 0.000000,
        "1000" : 0.000000
      },
      "latency_us" : {
        "2" : 0.000000,
        "4" : 0.010000,
        "10" : 0.000000,
        "20" : 0.000000,
        "50" : 0.969250,
        "100" : 20.616599,
        "250" : 34.590605,
        "500" : 41.881722,
        "750" : 1.916785,
        "1000" : 0.017504
      },
      "latency_ms" : {
        "2" : 0.010000,
        "4" : 0.010000,
        "10" : 0.000000,
        "20" : 0.000000,
        "50" : 0.000000,
        "100" : 0.000000,
        "250" : 0.000000,
        "500" : 0.000000,
        "750" : 0.000000,
        "1000" : 0.000000,
        "2000" : 0.000000,
        ">=2000" : 0.000000
      },
      "latency_depth" : 32,
      "latency_target" : 0,
      "latency_percentile" : 100.000000,
      "latency_window" : 0
    }
  ],
  "disk_util" : [
    {
      "name" : "loop0",
      "read_ios" : 2210694,
      "write_ios" : 0,
      "read_sectors" : 17685552,
      "write_sectors" : 0,
      "read_merges" : 0,
      "write_merges" : 0,
      "read_ticks" : 41706,
      "write_ticks" : 0,
      "in_queue" : 41707,
      "util" : 89.854976
    }
  ]
}
