{
  "fio version" : "fio-3.36",
  "timestamp" : 1759291703,
  "timestamp_ms" : 1759291703208,
  "time" : "Wed Oct  1 00:08:23 2025",
  "global options" : {
    "filename" : "/mnt/project_partition/testfile.img",
    "direct" : "1",
    "ioengine" : "libaio",
    "runtime" : "30s"
  },
  "jobs" : [
    {
      "jobname" : "bs_randread_64k",
      "groupid" : 0,
      "job_start" : 1759291673159,
      "error" : 0,
      "eta" : 0,
      "elapsed" : 31,
      "job options" : {
        "name" : "bs_randread_64k",
        "rw" : "randread",
        "bs" : "64k",
        "iodepth" : "32",
        "numjobs" : "1"
      },
      "read" : {
        "io_bytes" : 141485539328,
        "io_kbytes" : 138169472,
        "bw_bytes" : 4716027443,
        "bw" : 4605495,
        "iops" : 71960.867971,
        "runtime" : 30001,
        "total_ios" : 2158898,
        "short_ios" : 0,
        "drop_ios" : 0,
        "slat_ns" : {
          "min" : 1882,
          "max" : 831366,
          "mean" : 11909.377615,
          "stddev" : 8795.185925,
          "N" : 2158898
        },
        "clat_ns" : {
          "min" : 297,
          "max" : 2354397,
          "mean" : 431974.087766,
          "stddev" : 131912.122598,
          "N" : 2158898,
          "percentile" : {
            "1.000000" : 116224,
            "5.000000" : 222208,
            "10.000000" : 254976,
            "20.000000" : 309248,
            "30.000000" : 358400,
            "40.000000" : 399360,
            "50.000000" : 440320,
            "60.000000" : 477184,
            "70.000000" : 514048,
            "80.000000" : 552960,
            "90.000000" : 593920,
            "95.000000" : 626688,
            "99.000000" : 700416,
            "99.500000" : 733184,
            "99.900000" : 831488,
            "99.950000" : 913408,
            "99.990000" : 1236992
          }
        },
        "lat_ns" : {
          "min" : 3767,
          "max" : 2376112,
          "mean" : 443883.465381,
          "stddev" : 133832.215415,
          "N" : 2158898
        },
        "bw_min" : 4398336,
        "bw_max" : 5006208,
        "bw_agg" : 100.000000,
        "bw_mean" : 4606415.474576,
        "bw_dev" : 124589.373877,
        "bw_samples" : 59,
        "iops_min" : 68724,
        "iops_max" : 78222,
        "iops_mean" : 71975.152542,
        "iops_stddev" : 1946.786139,
        "iops_samples" : 59
      },
      "write" : {
        "io_bytes" : 0,
        "io_kbytes" : 0,
        "bw_bytes" : 0,
        "bw" : 0,
        "iops" : 0.000000,
        "runtime" : 0,
        "total_ios" : 0,
        "short_ios" : 0,
        "drop_ios" : 0,
        "slat_ns" : {
          "min" : 0,
          "max" : 0,
          "mean" : 0.000000,
          "stddev" : 0.000000,
          "N" : 0
        },
        "clat_ns" : {
          "min" : 0,
          "max" : 0,
          "mean" : 0.000000,
          "stddev" : 0.000000,
          "N" : 0
        },
        "lat_ns" : {
          "min" : 0,
          "max" : 0,
          "mean" : 0.000000,
          "stddev" : 0.000000,
          "N" : 0
        },
        "bw_min" : 0,
        "bw_max" : 0,
        "bw_agg" : 0.000000,
        "bw_mean" : 0.000000,
        "bw_dev" : 0.000000,
        "bw_samples" : 0,
        "iops_min" : 0,
        "iops_max" : 0,
        "iops_mean" : 0.000000,
        "iops_stddev" : 0.000000,
        "iops_samples" : 0
      },
      "trim" : {
        "io_bytes" : 0,
        "io_kbytes" : 0,
        "bw_bytes" : 0,
        "bw" : 0,
        "iops" : 0.000000,
        "runtime" : 0,
        "total_ios" : 0,
        "short_ios" : 0,
        "drop_ios" : 0,
        "slat_ns" : {
          "min" : 0,
          "max" : 0,
          "mean" : 0.000000,
          "stddev" : 0.000000,
          "N" : 0
        },
        "clat_ns" : {
          "min" : 0,
          "max" : 0,
          "mean" : 0.000000,
          "stddev" : 0.000000,
          "N" : 0
        },
        "lat_ns" : {
          "min" : 0,
          "max" : 0,
          "mean" : 0.000000,
          "stddev" : 0.000000,
          "N" : 0
        },
        "bw_min" : 0,
        "bw_max" : 0,
        "bw_agg" : 0.000000,
        "bw_mean" : 0.000000,
        "bw_dev" : 0.000000,
        "bw_samples" : 0,
        "iops_min" : 0,
        "iops_max" : 0,
        "iops_mean" : 0.000000,
        "iops_stddev" : 0.000000,
        "iops_samples" : 0
      },
      "sync" : {
        "total_ios" : 0,
        "lat_ns" : {
          "min" : 0,
          "max" : 0,
          "mean" : 0.000000,
          "stddev" : 0.000000,
          "N" : 0
        }
      },
      "job_runtime" : 30000,
      "usr_cpu" : 11.113333,
      "sys_cpu" : 86.500000,
      "ctx" : 12245,
      "majf" : 0,
      "minf" : 524,
      "iodepth_level" : {
        "1" : 0.100000,
        "2" : 0.100000,
        "4" : 0.100000,
        "8" : 0.100000,
        "16" : 0.100000,
        "32" : 99.998564,
        ">=64" : 0.000000
      },
      "iodepth_submit" : {
        "0" : 0.000000,
        "4" : 100.000000,
        "8" : 0.000000,
        "16" : 0.000000,
        "32" : 0.000000,
        "64" : 0.000000,
        ">=64" : 0.000000
      },
      "iodepth_complete" : {
        "0" : 0.000000,
        "4" : 99.999954,
        "8" : 0.000000,
        "16" : 0.000000,
        "32" : 0.100000,
        "64" : 0.000000,
        ">=64" : 0.000000
      },
      "latency_ns" : {
        "2" : 0.000000,
        "4" : 0.000000,
        "10" : 0.000000,
        "20" : 0.000000,
        "50" : 0.000000,
        "100" : 0.000000,
        "250" : 0.000000,
        "500" : 0.035574,
        "750" : 0.010000,
        "1000" : 0.010000
      },
      "latency_us" : {
        "2" : 0.010000,
        "4" : 0.016258,
        "10" : 0.039557,
        "20" : 0.077354,
        "50" : 0.247626,
        "100" : 0.431331,
        "250" : 8.178988,
        "500" : 57.526525,
        "750" : 33.089196,
        "1000" : 0.323035
      },
      "latency_ms" : {
        "2" : 0.027838,
        "4" : 0.010000,
        "10" : 0.000000,
        "20" : 0.000000,
        "50" : 0.000000,
        "100" : 0.000000,
        "250" : 0.000000,
        "500" : 0.000000,
        "750" : 0.000000,
        "1000" : 0.000000,
        "2000" : 0.000000,
        ">=2000" : 0.000000
      },
      "latency_depth" : 32,
      "latency_target" : 0,
      "latency_percentile" : 100.000000,
      "latency_window" : 0
    }
  ],
  "disk_util" : [
    {
      "name" : "loop0",
      "read_ios" : 3031215,
      "write_ios" : 0,
      "read_sectors" : 140849464,
      "write_sectors" : 0,
      "read_merges" : 0,
      "write_merges" : 0,
      "read_ticks" : 186786,
      "write_ticks" : 0,
      "in_queue" : 186786,
      "util" : 94.842617
    }
  ]
}
