{
  "fio version" : "fio-3.36",
  "timestamp" : 1759292079,
  "timestamp_ms" : 1759292079114,
  "time" : "Wed Oct  1 00:14:39 2025",
  "global options" : {
    "filename" : "/mnt/project_partition/testfile.img",
    "direct" : "1",
    "ioengine" : "libaio",
    "runtime" : "30s"
  },
  "jobs" : [
    {
      "jobname" : "mix_50R",
      "groupid" : 0,
      "job_start" : 1759292046545,
      "error" : 0,
      "eta" : 0,
      "elapsed" : 33,
      "job options" : {
        "name" : "mix_50R",
        "rw" : "randrw",
        "rwmixread" : "50",
        "bs" : "4k",
        "iodepth" : "32",
        "numjobs" : "1"
      },
      "read" : {
        "io_bytes" : 2729787392,
        "io_kbytes" : 2665808,
        "bw_bytes" : 83939220,
        "bw" : 81971,
        "iops" : 20492.973771,
        "runtime" : 32521,
        "total_ios" : 666452,
        "short_ios" : 0,
        "drop_ios" : 0,
        "slat_ns" : {
          "min" : 1090,
          "max" : 14235694,
          "mean" : 9732.599162,
          "stddev" : 25203.904540,
          "N" : 666452
        },
        "clat_ns" : {
          "min" : 9206,
          "max" : 7520152264,
          "mean" : 773502.020323,
          "stddev" : 46323080.436411,
          "N" : 666452,
          "percentile" : {
            "1.000000" : 127488,
            "5.000000" : 189440,
            "10.000000" : 232448,
            "20.000000" : 288768,
            "30.000000" : 325632,
            "40.000000" : 350208,
            "50.000000" : 366592,
            "60.000000" : 382976,
            "70.000000" : 395264,
            "80.000000" : 415744,
            "90.000000" : 448512,
            "95.000000" : 481280,
            "99.000000" : 569344,
            "99.500000" : 675840,
            "99.900000" : 1089536,
            "99.950000" : 1515520,
            "99.990000" : 952107008
          }
        },
        "lat_ns" : {
          "min" : 25880,
          "max" : 7520155519,
          "mean" : 783234.619485,
          "stddev" : 46323027.653130,
          "N" : 666452
        },
        "bw_min" : 248,
        "bw_max" : 179408,
        "bw_agg" : 100.000000,
        "bw_mean" : 152308.457143,
        "bw_dev" : 45333.452799,
        "bw_samples" : 35,
        "iops_min" : 62,
        "iops_max" : 44852,
        "iops_mean" : 38077.085714,
        "iops_stddev" : 11333.352667,
        "iops_samples" : 35
      },
      "write" : {
        "io_bytes" : 2727141376,
        "io_kbytes" : 2663224,
        "bw_bytes" : 83857857,
        "bw" : 81892,
        "iops" : 20473.109683,
        "runtime" : 32521,
        "total_ios" : 665806,
        "short_ios" : 0,
        "drop_ios" : 0,
        "slat_ns" : {
          "min" : 1234,
          "max" : 707751,
          "mean" : 10318.148198,
          "stddev" : 7099.339246,
          "N" : 665806
        },
        "clat_ns" : {
          "min" : 34511,
          "max" : 7520188108,
          "mean" : 766867.975523,
          "stddev" : 44065647.476246,
          "N" : 665806,
          "percentile" : {
            "1.000000" : 158720,
            "5.000000" : 242688,
            "10.000000" : 288768,
            "20.000000" : 329728,
            "30.000000" : 354304,
            "40.000000" : 370688,
            "50.000000" : 387072,
            "60.000000" : 399360,
            "70.000000" : 411648,
            "80.000000" : 432128,
            "90.000000" : 468992,
            "95.000000" : 505856,
            "99.000000" : 618496,
            "99.500000" : 733184,
            "99.900000" : 1204224,
            "99.950000" : 1695744,
            "99.990000" : 952107008
          }
        },
        "lat_ns" : {
          "min" : 65875,
          "max" : 7520314948,
          "mean" : 777186.123721,
          "stddev" : 44065620.491045,
          "N" : 665806
        },
        "bw_min" : 288,
        "bw_max" : 178248,
        "bw_agg" : 100.000000,
        "bw_mean" : 152161.200000,
        "bw_dev" : 45180.418056,
        "bw_samples" : 35,
        "iops_min" : 72,
        "iops_max" : 44562,
        "iops_mean" : 38040.257143,
        "iops_stddev" : 11295.085666,
        "iops_samples" : 35
      },
      "trim" : {
        "io_bytes" : 0,
        "io_kbytes" : 0,
        "bw_bytes" : 0,
        "bw" : 0,
        "iops" : 0.000000,
        "runtime" : 0,
        "total_ios" : 0,
        "short_ios" : 0,
        "drop_ios" : 0,
        "slat_ns" : {
          "min" : 0,
          "max" : 0,
          "mean" : 0.000000,
          "stddev" : 0.000000,
          "N" : 0
        },
        "clat_ns" : {
          "min" : 0,
          "max" : 0,
          "mean" : 0.000000,
          "stddev" : 0.000000,
          "N" : 0
        },
        "lat_ns" : {
          "min" : 0,
          "max" : 0,
          "mean" : 0.000000,
          "stddev" : 0.000000,
          "N" : 0
        },
        "bw_min" : 0,
        "bw_max" : 0,
        "bw_agg" : 0.000000,
        "bw_mean" : 0.000000,
        "bw_dev" : 0.000000,
        "bw_samples" : 0,
        "iops_min" : 0,
        "iops_max" : 0,
        "iops_mean" : 0.000000,
        "iops_stddev" : 0.000000,
        "iops_samples" : 0
      },
      "sync" : {
        "total_ios" : 0,
        "lat_ns" : {
          "min" : 0,
          "max" : 0,
          "mean" : 0.000000,
          "stddev" : 0.000000,
          "N" : 0
        }
      },
      "job_runtime" : 32520,
      "usr_cpu" : 7.690652,
      "sys_cpu" : 40.565806,
      "ctx" : 2384,
      "majf" : 0,
      "minf" : 14,
      "iodepth_level" : {
        "1" : 0.100000,
        "2" : 0.100000,
        "4" : 0.100000,
        "8" : 0.100000,
        "16" : 0.100000,
        "32" : 99.997673,
        ">=64" : 0.000000
      },
      "iodepth_submit" : {
        "0" : 0.000000,
        "4" : 100.000000,
        "8" : 0.000000,
        "16" : 0.000000,
        "32" : 0.000000,
        "64" : 0.000000,
        ">=64" : 0.000000
      },
      "iodepth_complete" : {
        "0" : 0.000000,
        "4" : 99.999925,
        "8" : 0.000000,
        "16" : 0.000000,
        "32" : 0.100000,
        "64" : 0.000000,
        ">=64" : 0.000000
      },
      "latency_ns" : {
        "2" : 0.000000,
        "4" : 0.000000,
        "10" : 0.000000,
        "20" : 0.000000,
        "50" : 0.000000,
        "100" : 0.000000,
        "250" : 0.000000,
        "500" : 0.000000,
        "750" : 0.000000,
        "1000" : 0.000000
      },
      "latency_us" : {
        "2" : 0.000000,
        "4" : 0.000000,
        "10" : 0.010000,
        "20" : 0.010000,
        "50" : 0.010000,
        "100" : 0.236441,
        "250" : 8.793492,
        "500" : 86.514474,
        "750" : 4.068957,
        "1000" : 0.240269
      },
      "latency_ms" : {
        "2" : 0.100581,
        "4" : 0.010000,
        "10" : 0.012085,
        "20" : 0.011860,
        "50" : 0.010000,
        "100" : 0.000000,
        "250" : 0.000000,
        "500" : 0.000000,
        "750" : 0.000000,
        "1000" : 0.010000,
        "2000" : 0.000000,
        ">=2000" : 0.010000
      },
      "latency_depth" : 32,
      "latency_target" : 0,
      "latency_percentile" : 100.000000,
      "latency_window" : 0
    }
  ],
  "disk_util" : [
    {
      "name" : "loop0",
      "read_ios" : 666435,
      "write_ios" : 666253,
      "read_sectors" : 5331480,
      "write_sectors" : 5369880,
      "read_merges" : 0,
      "write_merges" : 4982,
      "read_ticks" : 168072,
      "write_ticks" : 172470,
      "in_queue" : 349615,
      "util" : 96.994334
    }
  ]
}
