{
  "fio version" : "fio-3.36",
  "timestamp" : 1759291975,
  "timestamp_ms" : 1759291975421,
  "time" : "Wed Oct  1 00:12:55 2025",
  "global options" : {
    "filename" : "/mnt/project_partition/testfile.img",
    "direct" : "1",
    "ioengine" : "libaio",
    "runtime" : "30s"
  },
  "jobs" : [
    {
      "jobname" : "mix_100R",
      "groupid" : 0,
      "job_start" : 1759291945379,
      "error" : 0,
      "eta" : 0,
      "elapsed" : 31,
      "job options" : {
        "name" : "mix_100R",
        "rw" : "randrw",
        "rwmixread" : "100",
        "bs" : "4k",
        "iodepth" : "32",
        "numjobs" : "1"
      },
      "read" : {
        "io_bytes" : 14143164416,
        "io_kbytes" : 13811684,
        "bw_bytes" : 471423099,
        "bw" : 460374,
        "iops" : 115093.530216,
        "runtime" : 30001,
        "total_ios" : 3452921,
        "short_ios" : 0,
        "drop_ios" : 0,
        "slat_ns" : {
          "min" : 793,
          "max" : 1823237,
          "mean" : 7253.964138,
          "stddev" : 6901.468998,
          "N" : 3452921
        },
        "clat_ns" : {
          "min" : 306,
          "max" : 5443278,
          "mean" : 270072.672728,
          "stddev" : 62431.737529,
          "N" : 3452921,
          "percentile" : {
            "1.000000" : 156672,
            "5.000000" : 191488,
            "10.000000" : 205824,
            "20.000000" : 226304,
            "30.000000" : 238592,
            "40.000000" : 250880,
            "50.000000" : 264192,
            "60.000000" : 276480,
            "70.000000" : 288768,
            "80.000000" : 309248,
            "90.000000" : 346112,
            "95.000000" : 374784,
            "99.000000" : 440320,
            "99.500000" : 473088,
            "99.900000" : 626688,
            "99.950000" : 749568,
            "99.990000" : 1368064
          }
        },
        "lat_ns" : {
          "min" : 1891,
          "max" : 5448786,
          "mean" : 277326.636866,
          "stddev" : 64016.379700,
          "N" : 3452921
        },
        "bw_min" : 320280,
        "bw_max" : 523904,
        "bw_agg" : 100.000000,
        "bw_mean" : 460632.491525,
        "bw_dev" : 49581.127168,
        "bw_samples" : 59,
        "iops_min" : 80070,
        "iops_max" : 130976,
        "iops_mean" : 115158.084746,
        "iops_stddev" : 12395.257489,
        "iops_samples" : 59
      },
      "write" : {
        "io_bytes" : 0,
        "io_kbytes" : 0,
        "bw_bytes" : 0,
        "bw" : 0,
        "iops" : 0.000000,
        "runtime" : 0,
        "total_ios" : 0,
        "short_ios" : 0,
        "drop_ios" : 0,
        "slat_ns" : {
          "min" : 0,
          "max" : 0,
          "mean" : 0.000000,
          "stddev" : 0.000000,
          "N" : 0
        },
        "clat_ns" : {
          "min" : 0,
          "max" : 0,
          "mean" : 0.000000,
          "stddev" : 0.000000,
          "N" : 0
        },
        "lat_ns" : {
          "min" : 0,
          "max" : 0,
          "mean" : 0.000000,
          "stddev" : 0.000000,
          "N" : 0
        },
        "bw_min" : 0,
        "bw_max" : 0,
        "bw_agg" : 0.000000,
        "bw_mean" : 0.000000,
        "bw_dev" : 0.000000,
        "bw_samples" : 0,
        "iops_min" : 0,
        "iops_max" : 0,
        "iops_mean" : 0.000000,
        "iops_stddev" : 0.000000,
        "iops_samples" : 0
      },
      "trim" : {
        "io_bytes" : 0,
        "io_kbytes" : 0,
        "bw_bytes" : 0,
        "bw" : 0,
        "iops" : 0.000000,
        "runtime" : 0,
        "total_ios" : 0,
        "short_ios" : 0,
        "drop_ios" : 0,
        "slat_ns" : {
          "min" : 0,
          "max" : 0,
          "mean" : 0.000000,
          "stddev" : 0.000000,
          "N" : 0
        },
        "clat_ns" : {
          "min" : 0,
          "max" : 0,
          "mean" : 0.000000,
          "stddev" : 0.000000,
          "N" : 0
        },
        "lat_ns" : {
          "min" : 0,
          "max" : 0,
          "mean" : 0.000000,
          "stddev" : 0.000000,
          "N" : 0
        },
        "bw_min" : 0,
        "bw_max" : 0,
        "bw_agg" : 0.000000,
        "bw_mean" : 0.000000,
        "bw_dev" : 0.000000,
        "bw_samples" : 0,
        "iops_min" : 0,
        "iops_max" : 0,
        "iops_mean" : 0.000000,
        "iops_stddev" : 0.000000,
        "iops_samples" : 0
      },
      "sync" : {
        "total_ios" : 0,
        "lat_ns" : {
          "min" : 0,
          "max" : 0,
          "mean" : 0.000000,
          "stddev" : 0.000000,
          "N" : 0
        }
      },
      "job_runtime" : 30000,
      "usr_cpu" : 16.836667,
      "sys_cpu" : 82.990000,
      "ctx" : 187,
      "majf" : 0,
      "minf" : 13,
      "iodepth_level" : {
        "1" : 0.100000,
        "2" : 0.100000,
        "4" : 0.100000,
        "8" : 0.100000,
        "16" : 0.100000,
        "32" : 99.999102,
        ">=64" : 0.000000
      },
      "iodepth_submit" : {
        "0" : 0.000000,
        "4" : 100.000000,
        "8" : 0.000000,
        "16" : 0.000000,
        "32" : 0.000000,
        "64" : 0.000000,
        ">=64" : 0.000000
      },
      "iodepth_complete" : {
        "0" : 0.000000,
        "4" : 99.999971,
        "8" : 0.000000,
        "16" : 0.000000,
        "32" : 0.100000,
        "64" : 0.000000,
        ">=64" : 0.000000
      },
      "latency_ns" : {
        "2" : 0.000000,
        "4" : 0.000000,
        "10" : 0.000000,
        "20" : 0.000000,
        "50" : 0.000000,
        "100" : 0.000000,
        "250" : 0.000000,
        "500" : 0.010000,
        "750" : 0.010000,
        "1000" : 0.010000
      },
      "latency_us" : {
        "2" : 0.000000,
        "4" : 0.010000,
        "10" : 0.010000,
        "20" : 0.010000,
        "50" : 0.025949,
        "100" : 0.195631,
        "250" : 38.484286,
        "500" : 60.961169,
        "750" : 0.272204,
        "1000" : 0.023053
      },
      "latency_ms" : {
        "2" : 0.023343,
        "4" : 0.010000,
        "10" : 0.010000,
        "20" : 0.000000,
        "50" : 0.000000,
        "100" : 0.000000,
        "250" : 0.000000,
        "500" : 0.000000,
        "750" : 0.000000,
        "1000" : 0.000000,
        "2000" : 0.000000,
        ">=2000" : 0.000000
      },
      "latency_depth" : 32,
      "latency_target" : 0,
      "latency_percentile" : 100.000000,
      "latency_window" : 0
    }
  ],
  "disk_util" : [
    {
      "name" : "loop0",
      "read_ios" : 1759734,
      "write_ios" : 0,
      "read_sectors" : 14077872,
      "write_sectors" : 0,
      "read_merges" : 0,
      "write_merges" : 0,
      "read_ticks" : 39039,
      "write_ticks" : 0,
      "in_queue" : 39039,
      "util" : 91.282939
    }
  ]
}
