{
  "fio version" : "fio-3.36",
  "timestamp" : 1759292046,
  "timestamp_ms" : 1759292046333,
  "time" : "Wed Oct  1 00:14:06 2025",
  "global options" : {
    "filename" : "/mnt/project_partition/testfile.img",
    "direct" : "1",
    "ioengine" : "libaio",
    "runtime" : "30s"
  },
  "jobs" : [
    {
      "jobname" : "mix_70R",
      "groupid" : 0,
      "job_start" : 1759292016246,
      "error" : 0,
      "eta" : 0,
      "elapsed" : 31,
      "job options" : {
        "name" : "mix_70R",
        "rw" : "randrw",
        "rwmixread" : "70",
        "bs" : "4k",
        "iodepth" : "32",
        "numjobs" : "1"
      },
      "read" : {
        "io_bytes" : 4332032000,
        "io_kbytes" : 4230500,
        "bw_bytes" : 144396253,
        "bw" : 141011,
        "iops" : 35252.991567,
        "runtime" : 30001,
        "total_ios" : 1057625,
        "short_ios" : 0,
        "drop_ios" : 0,
        "slat_ns" : {
          "min" : 792,
          "max" : 633935,
          "mean" : 5231.733626,
          "stddev" : 6461.946556,
          "N" : 1057625
        },
        "clat_ns" : {
          "min" : 297,
          "max" : 3458400149,
          "mean" : 584259.557371,
          "stddev" : 16908040.370471,
          "N" : 1057625,
          "percentile" : {
            "1.000000" : 4768,
            "5.000000" : 82432,
            "10.000000" : 130560,
            "20.000000" : 187392,
            "30.000000" : 240640,
            "40.000000" : 292864,
            "50.000000" : 346112,
            "60.000000" : 399360,
            "70.000000" : 464896,
            "80.000000" : 552960,
            "90.000000" : 733184,
            "95.000000" : 970752,
            "99.000000" : 3260416,
            "99.500000" : 5537792,
            "99.900000" : 17432576,
            "99.950000" : 22151168,
            "99.990000" : 139460608
          }
        },
        "lat_ns" : {
          "min" : 1287,
          "max" : 3458401358,
          "mean" : 589491.290997,
          "stddev" : 16908011.352828,
          "N" : 1057625
        },
        "bw_min" : 19571,
        "bw_max" : 278312,
        "bw_agg" : 100.000000,
        "bw_mean" : 158147.509434,
        "bw_dev" : 74302.446950,
        "bw_samples" : 53,
        "iops_min" : 4892,
        "iops_max" : 69578,
        "iops_mean" : 39536.830189,
        "iops_stddev" : 18575.688318,
        "iops_samples" : 53
      },
      "write" : {
        "io_bytes" : 1856819200,
        "io_kbytes" : 1813300,
        "bw_bytes" : 61891910,
        "bw" : 60441,
        "iops" : 15110.329656,
        "runtime" : 30001,
        "total_ios" : 453325,
        "short_ios" : 0,
        "drop_ios" : 0,
        "slat_ns" : {
          "min" : 1188,
          "max" : 23518183,
          "mean" : 6333.290663,
          "stddev" : 42128.545776,
          "N" : 453325
        },
        "clat_ns" : {
          "min" : 54190,
          "max" : 3458401327,
          "mean" : 733904.671430,
          "stddev" : 15244877.523224,
          "N" : 453325,
          "percentile" : {
            "1.000000" : 100864,
            "5.000000" : 146432,
            "10.000000" : 189440,
            "20.000000" : 268288,
            "30.000000" : 333824,
            "40.000000" : 399360,
            "50.000000" : 456704,
            "60.000000" : 522240,
            "70.000000" : 602112,
            "80.000000" : 733184,
            "90.000000" : 978944,
            "95.000000" : 1335296,
            "99.000000" : 3751936,
            "99.500000" : 6586368,
            "99.900000" : 21364736,
            "99.950000" : 24772608,
            "99.990000" : 139460608
          }
        },
        "lat_ns" : {
          "min" : 74202,
          "max" : 3458403443,
          "mean" : 740237.962093,
          "stddev" : 15244914.901146,
          "N" : 453325
        },
        "bw_min" : 8333,
        "bw_max" : 119768,
        "bw_agg" : 100.000000,
        "bw_mean" : 67770.245283,
        "bw_dev" : 31824.348304,
        "bw_samples" : 53,
        "iops_min" : 2083,
        "iops_max" : 29942,
        "iops_mean" : 16942.509434,
        "iops_stddev" : 7956.165303,
        "iops_samples" : 53
      },
      "trim" : {
        "io_bytes" : 0,
        "io_kbytes" : 0,
        "bw_bytes" : 0,
        "bw" : 0,
        "iops" : 0.000000,
        "runtime" : 0,
        "total_ios" : 0,
        "short_ios" : 0,
        "drop_ios" : 0,
        "slat_ns" : {
          "min" : 0,
          "max" : 0,
          "mean" : 0.000000,
          "stddev" : 0.000000,
          "N" : 0
        },
        "clat_ns" : {
          "min" : 0,
          "max" : 0,
          "mean" : 0.000000,
          "stddev" : 0.000000,
          "N" : 0
        },
        "lat_ns" : {
          "min" : 0,
          "max" : 0,
          "mean" : 0.000000,
          "stddev" : 0.000000,
          "N" : 0
        },
        "bw_min" : 0,
        "bw_max" : 0,
        "bw_agg" : 0.000000,
        "bw_mean" : 0.000000,
        "bw_dev" : 0.000000,
        "bw_samples" : 0,
        "iops_min" : 0,
        "iops_max" : 0,
        "iops_mean" : 0.000000,
        "iops_stddev" : 0.000000,
        "iops_samples" : 0
      },
      "sync" : {
        "total_ios" : 0,
        "lat_ns" : {
          "min" : 0,
          "max" : 0,
          "mean" : 0.000000,
          "stddev" : 0.000000,
          "N" : 0
        }
      },
      "job_runtime" : 30000,
      "usr_cpu" : 6.660000,
      "sys_cpu" : 28.920000,
      "ctx" : 57164,
      "majf" : 0,
      "minf" : 15,
      "iodepth_level" : {
        "1" : 0.100000,
        "2" : 0.100000,
        "4" : 0.100000,
        "8" : 0.100000,
        "16" : 0.100000,
        "32" : 99.997948,
        ">=64" : 0.000000
      },
      "iodepth_submit" : {
        "0" : 0.000000,
        "4" : 100.000000,
        "8" : 0.000000,
        "16" : 0.000000,
        "32" : 0.000000,
        "64" : 0.000000,
        ">=64" : 0.000000
      },
      "iodepth_complete" : {
        "0" : 0.000000,
        "4" : 99.999934,
        "8" : 0.000000,
        "16" : 0.000000,
        "32" : 0.100000,
        "64" : 0.000000,
        ">=64" : 0.000000
      },
      "latency_ns" : {
        "2" : 0.000000,
        "4" : 0.000000,
        "10" : 0.000000,
        "20" : 0.000000,
        "50" : 0.000000,
        "100" : 0.000000,
        "250" : 0.000000,
        "500" : 0.318078,
        "750" : 0.054337,
        "1000" : 0.033158
      },
      "latency_us" : {
        "2" : 0.010000,
        "4" : 0.230319,
        "10" : 0.395645,
        "20" : 0.461365,
        "50" : 0.968728,
        "100" : 2.370164,
        "250" : 22.848142,
        "500" : 41.389192,
        "750" : 18.586320,
        "1000" : 6.173996
      },
      "latency_ms" : {
        "2" : 4.421788,
        "4" : 0.928621,
        "10" : 0.588702,
        "20" : 0.125815,
        "50" : 0.083722,
        "100" : 0.000000,
        "250" : 0.010000,
        "500" : 0.010000,
        "750" : 0.010000,
        "1000" : 0.000000,
        "2000" : 0.000000,
        ">=2000" : 0.010000
      },
      "latency_depth" : 32,
      "latency_target" : 0,
      "latency_percentile" : 100.000000,
      "latency_window" : 0
    }
  ],
  "disk_util" : [
    {
      "name" : "loop0",
      "read_ios" : 986031,
      "write_ios" : 452539,
      "read_sectors" : 7888248,
      "write_sectors" : 3656600,
      "read_merges" : 0,
      "write_merges" : 4536,
      "read_ticks" : 466631,
      "write_ticks" : 241066,
      "in_queue" : 712896,
      "util" : 97.242506
    }
  ]
}
