{
  "fio version" : "fio-3.36",
  "timestamp" : 1759292016,
  "timestamp_ms" : 1759292016040,
  "time" : "Wed Oct  1 00:13:36 2025",
  "global options" : {
    "filename" : "/mnt/project_partition/testfile.img",
    "direct" : "1",
    "ioengine" : "libaio",
    "runtime" : "30s"
  },
  "jobs" : [
    {
      "jobname" : "mix_0R",
      "groupid" : 0,
      "job_start" : 1759291975617,
      "error" : 0,
      "eta" : 0,
      "elapsed" : 41,
      "job options" : {
        "name" : "mix_0R",
        "rw" : "randrw",
        "rwmixread" : "0",
        "bs" : "4k",
        "iodepth" : "32",
        "numjobs" : "1"
      },
      "read" : {
        "io_bytes" : 0,
        "io_kbytes" : 0,
        "bw_bytes" : 0,
        "bw" : 0,
        "iops" : 0.000000,
        "runtime" : 0,
        "total_ios" : 0,
        "short_ios" : 0,
        "drop_ios" : 0,
        "slat_ns" : {
          "min" : 0,
          "max" : 0,
          "mean" : 0.000000,
          "stddev" : 0.000000,
          "N" : 0
        },
        "clat_ns" : {
          "min" : 0,
          "max" : 0,
          "mean" : 0.000000,
          "stddev" : 0.000000,
          "N" : 0
        },
        "lat_ns" : {
          "min" : 0,
          "max" : 0,
          "mean" : 0.000000,
          "stddev" : 0.000000,
          "N" : 0
        },
        "bw_min" : 0,
        "bw_max" : 0,
        "bw_agg" : 0.000000,
        "bw_mean" : 0.000000,
        "bw_dev" : 0.000000,
        "bw_samples" : 0,
        "iops_min" : 0,
        "iops_max" : 0,
        "iops_mean" : 0.000000,
        "iops_stddev" : 0.000000,
        "iops_samples" : 0
      },
      "write" : {
        "io_bytes" : 5459705856,
        "io_kbytes" : 5331744,
        "bw_bytes" : 135231611,
        "bw" : 132062,
        "iops" : 33015.530181,
        "runtime" : 40373,
        "total_ios" : 1332936,
        "short_ios" : 0,
        "drop_ios" : 0,
        "slat_ns" : {
          "min" : 1089,
          "max" : 10375751974,
          "mean" : 19911.481362,
          "stddev" : 9033235.864817,
          "N" : 1332936
        },
        "clat_ns" : {
          "min" : 16200,
          "max" : 10376677480,
          "mean" : 948437.991758,
          "stddev" : 52582865.922974,
          "N" : 1332936,
          "percentile" : {
            "1.000000" : 162816,
            "5.000000" : 226304,
            "10.000000" : 280576,
            "20.000000" : 342016,
            "30.000000" : 374784,
            "40.000000" : 415744,
            "50.000000" : 460800,
            "60.000000" : 501760,
            "70.000000" : 552960,
            "80.000000" : 602112,
            "90.000000" : 700416,
            "95.000000" : 897024,
            "99.000000" : 1941504,
            "99.500000" : 3162112,
            "99.900000" : 10813440,
            "99.950000" : 27131904,
            "99.990000" : 1052770304
          }
        },
        "lat_ns" : {
          "min" : 35987,
          "max" : 10376680353,
          "mean" : 968349.473120,
          "stddev" : 53353046.458723,
          "N" : 1332936
        },
        "bw_min" : 517,
        "bw_max" : 340128,
        "bw_agg" : 100.000000,
        "bw_mean" : 213191.660000,
        "bw_dev" : 84402.040248,
        "bw_samples" : 50,
        "iops_min" : 129,
        "iops_max" : 85032,
        "iops_mean" : 53297.840000,
        "iops_stddev" : 21100.537614,
        "iops_samples" : 50
      },
      "trim" : {
        "io_bytes" : 0,
        "io_kbytes" : 0,
        "bw_bytes" : 0,
        "bw" : 0,
        "iops" : 0.000000,
        "runtime" : 0,
        "total_ios" : 0,
        "short_ios" : 0,
        "drop_ios" : 0,
        "slat_ns" : {
          "min" : 0,
          "max" : 0,
          "mean" : 0.000000,
          "stddev" : 0.000000,
          "N" : 0
        },
        "clat_ns" : {
          "min" : 0,
          "max" : 0,
          "mean" : 0.000000,
          "stddev" : 0.000000,
          "N" : 0
        },
        "lat_ns" : {
          "min" : 0,
          "max" : 0,
          "mean" : 0.000000,
          "stddev" : 0.000000,
          "N" : 0
        },
        "bw_min" : 0,
        "bw_max" : 0,
        "bw_agg" : 0.000000,
        "bw_mean" : 0.000000,
        "bw_dev" : 0.000000,
        "bw_samples" : 0,
        "iops_min" : 0,
        "iops_max" : 0,
        "iops_mean" : 0.000000,
        "iops_stddev" : 0.000000,
        "iops_samples" : 0
      },
      "sync" : {
        "total_ios" : 0,
        "lat_ns" : {
          "min" : 0,
          "max" : 0,
          "mean" : 0.000000,
          "stddev" : 0.000000,
          "N" : 0
        }
      },
      "job_runtime" : 40372,
      "usr_cpu" : 6.137917,
      "sys_cpu" : 37.174279,
      "ctx" : 20286,
      "majf" : 0,
      "minf" : 14,
      "iodepth_level" : {
        "1" : 0.100000,
        "2" : 0.100000,
        "4" : 0.100000,
        "8" : 0.100000,
        "16" : 0.100000,
        "32" : 99.997674,
        ">=64" : 0.000000
      },
      "iodepth_submit" : {
        "0" : 0.000000,
        "4" : 100.000000,
        "8" : 0.000000,
        "16" : 0.000000,
        "32" : 0.000000,
        "64" : 0.000000,
        ">=64" : 0.000000
      },
      "iodepth_complete" : {
        "0" : 0.000000,
        "4" : 99.999925,
        "8" : 0.000000,
        "16" : 0.000000,
        "32" : 0.100000,
        "64" : 0.000000,
        ">=64" : 0.000000
      },
      "latency_ns" : {
        "2" : 0.000000,
        "4" : 0.000000,
        "10" : 0.000000,
        "20" : 0.000000,
        "50" : 0.000000,
        "100" : 0.000000,
        "250" : 0.000000,
        "500" : 0.000000,
        "750" : 0.000000,
        "1000" : 0.000000
      },
      "latency_us" : {
        "2" : 0.000000,
        "4" : 0.000000,
        "10" : 0.000000,
        "20" : 0.010000,
        "50" : 0.010000,
        "100" : 0.048915,
        "250" : 6.940993,
        "500" : 52.707557,
        "750" : 32.328034,
        "1000" : 4.250542
      },
      "latency_ms" : {
        "2" : 2.768100,
        "4" : 0.567769,
        "10" : 0.269705,
        "20" : 0.042238,
        "50" : 0.045914,
        "100" : 0.014629,
        "250" : 0.010000,
        "500" : 0.000000,
        "750" : 0.000000,
        "1000" : 0.010000,
        "2000" : 0.010000,
        ">=2000" : 0.010000
      },
      "latency_depth" : 32,
      "latency_target" : 0,
      "latency_percentile" : 100.000000,
      "latency_window" : 0
    }
  ],
  "disk_util" : [
    {
      "name" : "loop0",
      "read_ios" : 0,
      "write_ios" : 1333721,
      "read_sectors" : 0,
      "write_sectors" : 10795848,
      "read_merges" : 0,
      "write_merges" : 15760,
      "read_ticks" : 0,
      "write_ticks" : 479028,
      "in_queue" : 495456,
      "util" : 95.940373
    }
  ]
}
