{
  "fio version" : "fio-3.36",
  "timestamp" : 1759292200,
  "timestamp_ms" : 1759292200139,
  "time" : "Wed Oct  1 00:16:40 2025",
  "global options" : {
    "filename" : "/mnt/project_partition/testfile.img",
    "direct" : "1",
    "ioengine" : "libaio",
    "runtime" : "30s"
  },
  "jobs" : [
    {
      "jobname" : "qd_randread_8",
      "groupid" : 0,
      "job_start" : 1759292170087,
      "error" : 0,
      "eta" : 0,
      "elapsed" : 31,
      "job options" : {
        "name" : "qd_randread_8",
        "rw" : "randread",
        "bs" : "4k",
        "iodepth" : "8",
        "numjobs" : "1"
      },
      "read" : {
        "io_bytes" : 11010072576,
        "io_kbytes" : 10752024,
        "bw_bytes" : 366990186,
        "bw" : 358388,
        "iops" : 89597.213426,
        "runtime" : 30001,
        "total_ios" : 2688006,
        "short_ios" : 0,
        "drop_ios" : 0,
        "slat_ns" : {
          "min" : 792,
          "max" : 866844,
          "mean" : 9194.032147,
          "stddev" : 6608.989179,
          "N" : 2688006
        },
        "clat_ns" : {
          "min" : 296,
          "max" : 2237920,
          "mean" : 79326.529574,
          "stddev" : 43477.466004,
          "N" : 2688006,
          "percentile" : {
            "1.000000" : 11072,
            "5.000000" : 34048,
            "10.000000" : 47360,
            "20.000000" : 60160,
            "30.000000" : 70144,
            "40.000000" : 74240,
            "50.000000" : 78336,
            "60.000000" : 84480,
            "70.000000" : 88576,
            "80.000000" : 92672,
            "90.000000" : 101888,
            "95.000000" : 111104,
            "99.000000" : 160768,
            "99.500000" : 244736,
            "99.900000" : 716800,
            "99.950000" : 937984,
            "99.990000" : 1335296
          }
        },
        "lat_ns" : {
          "min" : 1189,
          "max" : 2243971,
          "mean" : 88520.561720,
          "stddev" : 44543.044073,
          "N" : 2688006
        },
        "bw_min" : 276264,
        "bw_max" : 525512,
        "bw_agg" : 100.000000,
        "bw_mean" : 358573.559322,
        "bw_dev" : 62453.456908,
        "bw_samples" : 59,
        "iops_min" : 69066,
        "iops_max" : 131378,
        "iops_mean" : 89643.322034,
        "iops_stddev" : 15613.406354,
        "iops_samples" : 59
      },
      "write" : {
        "io_bytes" : 0,
        "io_kbytes" : 0,
        "bw_bytes" : 0,
        "bw" : 0,
        "iops" : 0.000000,
        "runtime" : 0,
        "total_ios" : 0,
        "short_ios" : 0,
        "drop_ios" : 0,
        "slat_ns" : {
          "min" : 0,
          "max" : 0,
          "mean" : 0.000000,
          "stddev" : 0.000000,
          "N" : 0
        },
        "clat_ns" : {
          "min" : 0,
          "max" : 0,
          "mean" : 0.000000,
          "stddev" : 0.000000,
          "N" : 0
        },
        "lat_ns" : {
          "min" : 0,
          "max" : 0,
          "mean" : 0.000000,
          "stddev" : 0.000000,
          "N" : 0
        },
        "bw_min" : 0,
        "bw_max" : 0,
        "bw_agg" : 0.000000,
        "bw_mean" : 0.000000,
        "bw_dev" : 0.000000,
        "bw_samples" : 0,
        "iops_min" : 0,
        "iops_max" : 0,
        "iops_mean" : 0.000000,
        "iops_stddev" : 0.000000,
        "iops_samples" : 0
      },
      "trim" : {
        "io_bytes" : 0,
        "io_kbytes" : 0,
        "bw_bytes" : 0,
        "bw" : 0,
        "iops" : 0.000000,
        "runtime" : 0,
        "total_ios" : 0,
        "short_ios" : 0,
        "drop_ios" : 0,
        "slat_ns" : {
          "min" : 0,
          "max" : 0,
          "mean" : 0.000000,
          "stddev" : 0.000000,
          "N" : 0
        },
        "clat_ns" : {
          "min" : 0,
          "max" : 0,
          "mean" : 0.000000,
          "stddev" : 0.000000,
          "N" : 0
        },
        "lat_ns" : {
          "min" : 0,
          "max" : 0,
          "mean" : 0.000000,
          "stddev" : 0.000000,
          "N" : 0
        },
        "bw_min" : 0,
        "bw_max" : 0,
        "bw_agg" : 0.000000,
        "bw_mean" : 0.000000,
        "bw_dev" : 0.000000,
        "bw_samples" : 0,
        "iops_min" : 0,
        "iops_max" : 0,
        "iops_mean" : 0.000000,
        "iops_stddev" : 0.000000,
        "iops_samples" : 0
      },
      "sync" : {
        "total_ios" : 0,
        "lat_ns" : {
          "min" : 0,
          "max" : 0,
          "mean" : 0.000000,
          "stddev" : 0.000000,
          "N" : 0
        }
      },
      "job_runtime" : 30000,
      "usr_cpu" : 14.953333,
      "sys_cpu" : 81.516667,
      "ctx" : 8210,
      "majf" : 0,
      "minf" : 21,
      "iodepth_level" : {
        "1" : 0.100000,
        "2" : 0.100000,
        "4" : 0.100000,
        "8" : 99.999740,
        "16" : 0.000000,
        "32" : 0.000000,
        ">=64" : 0.000000
      },
      "iodepth_submit" : {
        "0" : 0.000000,
        "4" : 100.000000,
        "8" : 0.000000,
        "16" : 0.000000,
        "32" : 0.000000,
        "64" : 0.000000,
        ">=64" : 0.000000
      },
      "iodepth_complete" : {
        "0" : 0.000000,
        "4" : 99.999963,
        "8" : 0.100000,
        "16" : 0.000000,
        "32" : 0.000000,
        "64" : 0.000000,
        ">=64" : 0.000000
      },
      "latency_ns" : {
        "2" : 0.000000,
        "4" : 0.000000,
        "10" : 0.000000,
        "20" : 0.000000,
        "50" : 0.000000,
        "100" : 0.000000,
        "250" : 0.000000,
        "500" : 0.201488,
        "750" : 0.010000,
        "1000" : 0.010000
      },
      "latency_us" : {
        "2" : 0.010000,
        "4" : 0.193266,
        "10" : 0.519195,
        "20" : 1.151858,
        "50" : 9.717389,
        "100" : 76.754442,
        "250" : 10.970958,
        "500" : 0.325111,
        "750" : 0.069829,
        "1000" : 0.053199
      },
      "latency_ms" : {
        "2" : 0.037351,
        "4" : 0.010000,
        "10" : 0.000000,
        "20" : 0.000000,
        "50" : 0.000000,
        "100" : 0.000000,
        "250" : 0.000000,
        "500" : 0.000000,
        "750" : 0.000000,
        "1000" : 0.000000,
        "2000" : 0.000000,
        ">=2000" : 0.000000
      },
      "latency_depth" : 8,
      "latency_target" : 0,
      "latency_percentile" : 100.000000,
      "latency_window" : 0
    }
  ],
  "disk_util" : [
    {
      "name" : "loop0",
      "read_ios" : 2172609,
      "write_ios" : 0,
      "read_sectors" : 17380872,
      "write_sectors" : 0,
      "read_merges" : 0,
      "write_merges" : 0,
      "read_ticks" : 51042,
      "write_ticks" : 0,
      "in_queue" : 51041,
      "util" : 92.023029
    }
  ]
}
