{
  "fio version" : "fio-3.36",
  "timestamp" : 1759292230,
  "timestamp_ms" : 1759292230390,
  "time" : "Wed Oct  1 00:17:10 2025",
  "global options" : {
    "filename" : "/mnt/project_partition/testfile.img",
    "direct" : "1",
    "ioengine" : "libaio",
    "runtime" : "30s"
  },
  "jobs" : [
    {
      "jobname" : "qd_randread_16",
      "groupid" : 0,
      "job_start" : 1759292200344,
      "error" : 0,
      "eta" : 0,
      "elapsed" : 31,
      "job options" : {
        "name" : "qd_randread_16",
        "rw" : "randread",
        "bs" : "4k",
        "iodepth" : "16",
        "numjobs" : "1"
      },
      "read" : {
        "io_bytes" : 11334492160,
        "io_kbytes" : 11068840,
        "bw_bytes" : 377803811,
        "bw" : 368949,
        "iops" : 92237.258758,
        "runtime" : 30001,
        "total_ios" : 2767210,
        "short_ios" : 0,
        "drop_ios" : 0,
        "slat_ns" : {
          "min" : 795,
          "max" : 9304329,
          "mean" : 9211.488831,
          "stddev" : 9422.119579,
          "N" : 2767210
        },
        "clat_ns" : {
          "min" : 298,
          "max" : 10732131,
          "mean" : 163473.481789,
          "stddev" : 50061.802737,
          "N" : 2767210,
          "percentile" : {
            "1.000000" : 70144,
            "5.000000" : 93696,
            "10.000000" : 109056,
            "20.000000" : 130560,
            "30.000000" : 148480,
            "40.000000" : 160768,
            "50.000000" : 166912,
            "60.000000" : 175104,
            "70.000000" : 181248,
            "80.000000" : 189440,
            "90.000000" : 203776,
            "95.000000" : 218112,
            "99.000000" : 272384,
            "99.500000" : 301056,
            "99.900000" : 415744,
            "99.950000" : 561152,
            "99.990000" : 823296
          }
        },
        "lat_ns" : {
          "min" : 1499,
          "max" : 10743320,
          "mean" : 172684.970620,
          "stddev" : 52279.632663,
          "N" : 2767210
        },
        "bw_min" : 265256,
        "bw_max" : 524904,
        "bw_agg" : 100.000000,
        "bw_mean" : 369234.305085,
        "bw_dev" : 67882.242555,
        "bw_samples" : 59,
        "iops_min" : 66314,
        "iops_max" : 131226,
        "iops_mean" : 92308.559322,
        "iops_stddev" : 16970.573131,
        "iops_samples" : 59
      },
      "write" : {
        "io_bytes" : 0,
        "io_kbytes" : 0,
        "bw_bytes" : 0,
        "bw" : 0,
        "iops" : 0.000000,
        "runtime" : 0,
        "total_ios" : 0,
        "short_ios" : 0,
        "drop_ios" : 0,
        "slat_ns" : {
          "min" : 0,
          "max" : 0,
          "mean" : 0.000000,
          "stddev" : 0.000000,
          "N" : 0
        },
        "clat_ns" : {
          "min" : 0,
          "max" : 0,
          "mean" : 0.000000,
          "stddev" : 0.000000,
          "N" : 0
        },
        "lat_ns" : {
          "min" : 0,
          "max" : 0,
          "mean" : 0.000000,
          "stddev" : 0.000000,
          "N" : 0
        },
        "bw_min" : 0,
        "bw_max" : 0,
        "bw_agg" : 0.000000,
        "bw_mean" : 0.000000,
        "bw_dev" : 0.000000,
        "bw_samples" : 0,
        "iops_min" : 0,
        "iops_max" : 0,
        "iops_mean" : 0.000000,
        "iops_stddev" : 0.000000,
        "iops_samples" : 0
      },
      "trim" : {
        "io_bytes" : 0,
        "io_kbytes" : 0,
        "bw_bytes" : 0,
        "bw" : 0,
        "iops" : 0.000000,
        "runtime" : 0,
        "total_ios" : 0,
        "short_ios" : 0,
        "drop_ios" : 0,
        "slat_ns" : {
          "min" : 0,
          "max" : 0,
          "mean" : 0.000000,
          "stddev" : 0.000000,
          "N" : 0
        },
        "clat_ns" : {
          "min" : 0,
          "max" : 0,
          "mean" : 0.000000,
          "stddev" : 0.000000,
          "N" : 0
        },
        "lat_ns" : {
          "min" : 0,
          "max" : 0,
          "mean" : 0.000000,
          "stddev" : 0.000000,
          "N" : 0
        },
        "bw_min" : 0,
        "bw_max" : 0,
        "bw_agg" : 0.000000,
        "bw_mean" : 0.000000,
        "bw_dev" : 0.000000,
        "bw_samples" : 0,
        "iops_min" : 0,
        "iops_max" : 0,
        "iops_mean" : 0.000000,
        "iops_stddev" : 0.000000,
        "iops_samples" : 0
      },
      "sync" : {
        "total_ios" : 0,
        "lat_ns" : {
          "min" : 0,
          "max" : 0,
          "mean" : 0.000000,
          "stddev" : 0.000000,
          "N" : 0
        }
      },
      "job_runtime" : 30000,
      "usr_cpu" : 14.890000,
      "sys_cpu" : 84.860000,
      "ctx" : 1050,
      "majf" : 0,
      "minf" : 30,
      "iodepth_level" : {
        "1" : 0.100000,
        "2" : 0.100000,
        "4" : 0.100000,
        "8" : 0.100000,
        "16" : 99.999458,
        "32" : 0.000000,
        ">=64" : 0.000000
      },
      "iodepth_submit" : {
        "0" : 0.000000,
        "4" : 100.000000,
        "8" : 0.000000,
        "16" : 0.000000,
        "32" : 0.000000,
        "64" : 0.000000,
        ">=64" : 0.000000
      },
      "iodepth_complete" : {
        "0" : 0.000000,
        "4" : 99.999964,
        "8" : 0.000000,
        "16" : 0.100000,
        "32" : 0.000000,
        "64" : 0.000000,
        ">=64" : 0.000000
      },
      "latency_ns" : {
        "2" : 0.000000,
        "4" : 0.000000,
        "10" : 0.000000,
        "20" : 0.000000,
        "50" : 0.000000,
        "100" : 0.000000,
        "250" : 0.000000,
        "500" : 0.010000,
        "750" : 0.010000,
        "1000" : 0.000000
      },
      "latency_us" : {
        "2" : 0.000000,
        "4" : 0.010000,
        "10" : 0.010000,
        "20" : 0.010371,
        "50" : 0.229148,
        "100" : 6.186845,
        "250" : 91.737671,
        "500" : 1.762425,
        "750" : 0.051785,
        "1000" : 0.010000
      },
      "latency_ms" : {
        "2" : 0.010000,
        "4" : 0.010000,
        "10" : 0.010000,
        "20" : 0.010000,
        "50" : 0.000000,
        "100" : 0.000000,
        "250" : 0.000000,
        "500" : 0.000000,
        "750" : 0.000000,
        "1000" : 0.000000,
        "2000" : 0.000000,
        ">=2000" : 0.000000
      },
      "latency_depth" : 16,
      "latency_target" : 0,
      "latency_percentile" : 100.000000,
      "latency_window" : 0
    }
  ],
  "disk_util" : [
    {
      "name" : "loop0",
      "read_ios" : 2231333,
      "write_ios" : 0,
      "read_sectors" : 17850664,
      "write_sectors" : 0,
      "read_merges" : 0,
      "write_merges" : 0,
      "read_ticks" : 45169,
      "write_ticks" : 0,
      "in_queue" : 45168,
      "util" : 92.293327
    }
  ]
}
