{
  "fio version" : "fio-3.36",
  "timestamp" : 1759292109,
  "timestamp_ms" : 1759292109379,
  "time" : "Wed Oct  1 00:15:09 2025",
  "global options" : {
    "filename" : "/mnt/project_partition/testfile.img",
    "direct" : "1",
    "ioengine" : "libaio",
    "runtime" : "30s"
  },
  "jobs" : [
    {
      "jobname" : "qd_randread_1",
      "groupid" : 0,
      "job_start" : 1759292079331,
      "error" : 0,
      "eta" : 0,
      "elapsed" : 31,
      "job options" : {
        "name" : "qd_randread_1",
        "rw" : "randread",
        "bs" : "4k",
        "iodepth" : "1",
        "numjobs" : "1"
      },
      "read" : {
        "io_bytes" : 2294734848,
        "io_kbytes" : 2240952,
        "bw_bytes" : 76488611,
        "bw" : 74695,
        "iops" : 18673.977534,
        "runtime" : 30001,
        "total_ios" : 560238,
        "short_ios" : 0,
        "drop_ios" : 0,
        "slat_ns" : {
          "min" : 4866,
          "max" : 500932,
          "mean" : 18948.240596,
          "stddev" : 4678.211124,
          "N" : 560238
        },
        "clat_ns" : {
          "min" : 1091,
          "max" : 34748001,
          "mean" : 33295.356934,
          "stddev" : 54032.001809,
          "N" : 560238,
          "percentile" : {
            "1.000000" : 26752,
            "5.000000" : 28032,
            "10.000000" : 28544,
            "20.000000" : 28800,
            "30.000000" : 29312,
            "40.000000" : 29568,
            "50.000000" : 30080,
            "60.000000" : 30592,
            "70.000000" : 31104,
            "80.000000" : 31872,
            "90.000000" : 36608,
            "95.000000" : 47360,
            "99.000000" : 105984,
            "99.500000" : 111104,
            "99.900000" : 134144,
            "99.950000" : 150528,
            "99.990000" : 288768
          }
        },
        "lat_ns" : {
          "min" : 24404,
          "max" : 34757763,
          "mean" : 52243.597530,
          "stddev" : 54425.424859,
          "N" : 560238
        },
        "bw_min" : 60840,
        "bw_max" : 78272,
        "bw_agg" : 100.000000,
        "bw_mean" : 74747.457627,
        "bw_dev" : 3181.290837,
        "bw_samples" : 59,
        "iops_min" : 15210,
        "iops_max" : 19568,
        "iops_mean" : 18686.762712,
        "iops_stddev" : 795.375412,
        "iops_samples" : 59
      },
      "write" : {
        "io_bytes" : 0,
        "io_kbytes" : 0,
        "bw_bytes" : 0,
        "bw" : 0,
        "iops" : 0.000000,
        "runtime" : 0,
        "total_ios" : 0,
        "short_ios" : 0,
        "drop_ios" : 0,
        "slat_ns" : {
          "min" : 0,
          "max" : 0,
          "mean" : 0.000000,
          "stddev" : 0.000000,
          "N" : 0
        },
        "clat_ns" : {
          "min" : 0,
          "max" : 0,
          "mean" : 0.000000,
          "stddev" : 0.000000,
          "N" : 0
        },
        "lat_ns" : {
          "min" : 0,
          "max" : 0,
          "mean" : 0.000000,
          "stddev" : 0.000000,
          "N" : 0
        },
        "bw_min" : 0,
        "bw_max" : 0,
        "bw_agg" : 0.000000,
        "bw_mean" : 0.000000,
        "bw_dev" : 0.000000,
        "bw_samples" : 0,
        "iops_min" : 0,
        "iops_max" : 0,
        "iops_mean" : 0.000000,
        "iops_stddev" : 0.000000,
        "iops_samples" : 0
      },
      "trim" : {
        "io_bytes" : 0,
        "io_kbytes" : 0,
        "bw_bytes" : 0,
        "bw" : 0,
        "iops" : 0.000000,
        "runtime" : 0,
        "total_ios" : 0,
        "short_ios" : 0,
        "drop_ios" : 0,
        "slat_ns" : {
          "min" : 0,
          "max" : 0,
          "mean" : 0.000000,
          "stddev" : 0.000000,
          "N" : 0
        },
        "clat_ns" : {
          "min" : 0,
          "max" : 0,
          "mean" : 0.000000,
          "stddev" : 0.000000,
          "N" : 0
        },
        "lat_ns" : {
          "min" : 0,
          "max" : 0,
          "mean" : 0.000000,
          "stddev" : 0.000000,
          "N" : 0
        },
        "bw_min" : 0,
        "bw_max" : 0,
        "bw_agg" : 0.000000,
        "bw_mean" : 0.000000,
        "bw_dev" : 0.000000,
        "bw_samples" : 0,
        "iops_min" : 0,
        "iops_max" : 0,
        "iops_mean" : 0.000000,
        "iops_stddev" : 0.000000,
        "iops_samples" : 0
      },
      "sync" : {
        "total_ios" : 0,
        "lat_ns" : {
          "min" : 0,
          "max" : 0,
          "mean" : 0.000000,
          "stddev" : 0.000000,
          "N" : 0
        }
      },
      "job_runtime" : 30000,
      "usr_cpu" : 5.643333,
      "sys_cpu" : 45.163333,
      "ctx" : 558240,
      "majf" : 0,
      "minf" : 14,
      "iodepth_level" : {
        "1" : 100.000000,
        "2" : 0.000000,
        "4" : 0.000000,
        "8" : 0.000000,
        "16" : 0.000000,
        "32" : 0.000000,
        ">=64" : 0.000000
      },
      "iodepth_submit" : {
        "0" : 0.000000,
        "4" : 100.000000,
        "8" : 0.000000,
        "16" : 0.000000,
        "32" : 0.000000,
        "64" : 0.000000,
        ">=64" : 0.000000
      },
      "iodepth_complete" : {
        "0" : 0.000000,
        "4" : 100.000000,
        "8" : 0.000000,
        "16" : 0.000000,
        "32" : 0.000000,
        "64" : 0.000000,
        ">=64" : 0.000000
      },
      "latency_ns" : {
        "2" : 0.000000,
        "4" : 0.000000,
        "10" : 0.000000,
        "20" : 0.000000,
        "50" : 0.000000,
        "100" : 0.000000,
        "250" : 0.000000,
        "500" : 0.000000,
        "750" : 0.000000,
        "1000" : 0.000000
      },
      "latency_us" : {
        "2" : 0.297195,
        "4" : 0.010000,
        "10" : 0.189562,
        "20" : 0.147437,
        "50" : 94.776506,
        "100" : 3.156337,
        "250" : 1.412614,
        "500" : 0.010000,
        "750" : 0.010000,
        "1000" : 0.010000
      },
      "latency_ms" : {
        "2" : 0.010000,
        "4" : 0.000000,
        "10" : 0.010000,
        "20" : 0.010000,
        "50" : 0.010000,
        "100" : 0.000000,
        "250" : 0.000000,
        "500" : 0.000000,
        "750" : 0.000000,
        "1000" : 0.000000,
        "2000" : 0.000000,
        ">=2000" : 0.000000
      },
      "latency_depth" : 1,
      "latency_target" : 0,
      "latency_percentile" : 100.000000,
      "latency_window" : 0
    }
  ],
  "disk_util" : [
    {
      "name" : "loop0",
      "read_ios" : 558115,
      "write_ios" : 3,
      "read_sectors" : 4464928,
      "write_sectors" : 32,
      "read_merges" : 0,
      "write_merges" : 1,
      "read_ticks" : 21378,
      "write_ticks" : 53,
      "in_queue" : 21483,
      "util" : 71.021552
    }
  ]
}
