{
  "fio version" : "fio-3.36",
  "timestamp" : 1759292321,
  "timestamp_ms" : 1759292321156,
  "time" : "Wed Oct  1 00:18:41 2025",
  "global options" : {
    "filename" : "/mnt/project_partition/testfile.img",
    "direct" : "1",
    "ioengine" : "libaio",
    "runtime" : "30s"
  },
  "jobs" : [
    {
      "jobname" : "qd_randread_128",
      "groupid" : 0,
      "job_start" : 1759292291106,
      "error" : 0,
      "eta" : 0,
      "elapsed" : 31,
      "job options" : {
        "name" : "qd_randread_128",
        "rw" : "randread",
        "bs" : "4k",
        "iodepth" : "128",
        "numjobs" : "1"
      },
      "read" : {
        "io_bytes" : 11388436480,
        "io_kbytes" : 11121520,
        "bw_bytes" : 379601895,
        "bw" : 370704,
        "iops" : 92676.244125,
        "runtime" : 30001,
        "total_ios" : 2780380,
        "short_ios" : 0,
        "drop_ios" : 0,
        "slat_ns" : {
          "min" : 800,
          "max" : 2245462,
          "mean" : 9199.147189,
          "stddev" : 6756.532915,
          "N" : 2780380
        },
        "clat_ns" : {
          "min" : 10319,
          "max" : 3849576,
          "mean" : 1371106.875287,
          "stddev" : 246386.673369,
          "N" : 2780380,
          "percentile" : {
            "1.000000" : 839680,
            "5.000000" : 921600,
            "10.000000" : 978944,
            "20.000000" : 1105920,
            "30.000000" : 1302528,
            "40.000000" : 1384448,
            "50.000000" : 1433600,
            "60.000000" : 1482752,
            "70.000000" : 1515520,
            "80.000000" : 1548288,
            "90.000000" : 1597440,
            "95.000000" : 1662976,
            "99.000000" : 1875968,
            "99.500000" : 2007040,
            "99.900000" : 2473984,
            "99.950000" : 2670592,
            "99.990000" : 3063808
          }
        },
        "lat_ns" : {
          "min" : 12502,
          "max" : 3851754,
          "mean" : 1380306.022476,
          "stddev" : 248043.866671,
          "N" : 2780380
        },
        "bw_min" : 321152,
        "bw_max" : 526778,
        "bw_agg" : 100.000000,
        "bw_mean" : 370969.084746,
        "bw_dev" : 65169.426923,
        "bw_samples" : 59,
        "iops_min" : 80288,
        "iops_max" : 131694,
        "iops_mean" : 92742.271186,
        "iops_stddev" : 16292.318930,
        "iops_samples" : 59
      },
      "write" : {
        "io_bytes" : 0,
        "io_kbytes" : 0,
        "bw_bytes" : 0,
        "bw" : 0,
        "iops" : 0.000000,
        "runtime" : 0,
        "total_ios" : 0,
        "short_ios" : 0,
        "drop_ios" : 0,
        "slat_ns" : {
          "min" : 0,
          "max" : 0,
          "mean" : 0.000000,
          "stddev" : 0.000000,
          "N" : 0
        },
        "clat_ns" : {
          "min" : 0,
          "max" : 0,
          "mean" : 0.000000,
          "stddev" : 0.000000,
          "N" : 0
        },
        "lat_ns" : {
          "min" : 0,
          "max" : 0,
          "mean" : 0.000000,
          "stddev" : 0.000000,
          "N" : 0
        },
        "bw_min" : 0,
        "bw_max" : 0,
        "bw_agg" : 0.000000,
        "bw_mean" : 0.000000,
        "bw_dev" : 0.000000,
        "bw_samples" : 0,
        "iops_min" : 0,
        "iops_max" : 0,
        "iops_mean" : 0.000000,
        "iops_stddev" : 0.000000,
        "iops_samples" : 0
      },
      "trim" : {
        "io_bytes" : 0,
        "io_kbytes" : 0,
        "bw_bytes" : 0,
        "bw" : 0,
        "iops" : 0.000000,
        "runtime" : 0,
        "total_ios" : 0,
        "short_ios" : 0,
        "drop_ios" : 0,
        "slat_ns" : {
          "min" : 0,
          "max" : 0,
          "mean" : 0.000000,
          "stddev" : 0.000000,
          "N" : 0
        },
        "clat_ns" : {
          "min" : 0,
          "max" : 0,
          "mean" : 0.000000,
          "stddev" : 0.000000,
          "N" : 0
        },
        "lat_ns" : {
          "min" : 0,
          "max" : 0,
          "mean" : 0.000000,
          "stddev" : 0.000000,
          "N" : 0
        },
        "bw_min" : 0,
        "bw_max" : 0,
        "bw_agg" : 0.000000,
        "bw_mean" : 0.000000,
        "bw_dev" : 0.000000,
        "bw_samples" : 0,
        "iops_min" : 0,
        "iops_max" : 0,
        "iops_mean" : 0.000000,
        "iops_stddev" : 0.000000,
        "iops_samples" : 0
      },
      "sync" : {
        "total_ios" : 0,
        "lat_ns" : {
          "min" : 0,
          "max" : 0,
          "mean" : 0.000000,
          "stddev" : 0.000000,
          "N" : 0
        }
      },
      "job_runtime" : 30000,
      "usr_cpu" : 14.680000,
      "sys_cpu" : 85.250000,
      "ctx" : 77,
      "majf" : 0,
      "minf" : 139,
      "iodepth_level" : {
        "1" : 0.100000,
        "2" : 0.100000,
        "4" : 0.100000,
        "8" : 0.100000,
        "16" : 0.100000,
        "32" : 0.100000,
        ">=64" : 99.997734
      },
      "iodepth_submit" : {
        "0" : 0.000000,
        "4" : 100.000000,
        "8" : 0.000000,
        "16" : 0.000000,
        "32" : 0.000000,
        "64" : 0.000000,
        ">=64" : 0.000000
      },
      "iodepth_complete" : {
        "0" : 0.000000,
        "4" : 99.999964,
        "8" : 0.000000,
        "16" : 0.000000,
        "32" : 0.000000,
        "64" : 0.000000,
        ">=64" : 0.100000
      },
      "latency_ns" : {
        "2" : 0.000000,
        "4" : 0.000000,
        "10" : 0.000000,
        "20" : 0.000000,
        "50" : 0.000000,
        "100" : 0.000000,
        "250" : 0.000000,
        "500" : 0.000000,
        "750" : 0.000000,
        "1000" : 0.000000
      },
      "latency_us" : {
        "2" : 0.000000,
        "4" : 0.000000,
        "10" : 0.000000,
        "20" : 0.010000,
        "50" : 0.010000,
        "100" : 0.010000,
        "250" : 0.090671,
        "500" : 0.015178,
        "750" : 0.064164,
        "1000" : 11.664557
      },
      "latency_ms" : {
        "2" : 87.648523,
        "4" : 0.516440,
        "10" : 0.000000,
        "20" : 0.000000,
        "50" : 0.000000,
        "100" : 0.000000,
        "250" : 0.000000,
        "500" : 0.000000,
        "750" : 0.000000,
        "1000" : 0.000000,
        "2000" : 0.000000,
        ">=2000" : 0.000000
      },
      "latency_depth" : 128,
      "latency_target" : 0,
      "latency_percentile" : 100.000000,
      "latency_window" : 0
    }
  ],
  "disk_util" : [
    {
      "name" : "loop0",
      "read_ios" : 2243873,
      "write_ios" : 0,
      "read_sectors" : 17950984,
      "write_sectors" : 0,
      "read_merges" : 0,
      "write_merges" : 0,
      "read_ticks" : 45768,
      "write_ticks" : 0,
      "in_queue" : 45769,
      "util" : 93.722511
    }
  ]
}
