{
  "fio version" : "fio-3.36",
  "timestamp" : 1759292169,
  "timestamp_ms" : 1759292169882,
  "time" : "Wed Oct  1 00:16:09 2025",
  "global options" : {
    "filename" : "/mnt/project_partition/testfile.img",
    "direct" : "1",
    "ioengine" : "libaio",
    "runtime" : "30s"
  },
  "jobs" : [
    {
      "jobname" : "qd_randread_4",
      "groupid" : 0,
      "job_start" : 1759292139835,
      "error" : 0,
      "eta" : 0,
      "elapsed" : 31,
      "job options" : {
        "name" : "qd_randread_4",
        "rw" : "randread",
        "bs" : "4k",
        "iodepth" : "4",
        "numjobs" : "1"
      },
      "read" : {
        "io_bytes" : 8106889216,
        "io_kbytes" : 7916884,
        "bw_bytes" : 270220633,
        "bw" : 263887,
        "iops" : 65971.834272,
        "runtime" : 30001,
        "total_ios" : 1979221,
        "short_ios" : 0,
        "drop_ios" : 0,
        "slat_ns" : {
          "min" : 793,
          "max" : 5740212,
          "mean" : 9355.303189,
          "stddev" : 7839.749655,
          "N" : 1979221
        },
        "clat_ns" : {
          "min" : 297,
          "max" : 5847130,
          "mean" : 50464.271863,
          "stddev" : 100551.667902,
          "N" : 1979221,
          "percentile" : {
            "1.000000" : 398,
            "5.000000" : 5536,
            "10.000000" : 18304,
            "20.000000" : 27008,
            "30.000000" : 29824,
            "40.000000" : 32128,
            "50.000000" : 37120,
            "60.000000" : 40704,
            "70.000000" : 42240,
            "80.000000" : 44800,
            "90.000000" : 58112,
            "95.000000" : 88576,
            "99.000000" : 593920,
            "99.500000" : 815104,
            "99.900000" : 1220608,
            "99.950000" : 1417216,
            "99.990000" : 1957888
          }
        },
        "lat_ns" : {
          "min" : 1189,
          "max" : 5865751,
          "mean" : 59819.575052,
          "stddev" : 101021.742692,
          "N" : 1979221
        },
        "bw_min" : 127712,
        "bw_max" : 401616,
        "bw_agg" : 100.000000,
        "bw_mean" : 264839.355932,
        "bw_dev" : 79631.405602,
        "bw_samples" : 59,
        "iops_min" : 31928,
        "iops_max" : 100404,
        "iops_mean" : 66209.779661,
        "iops_stddev" : 19907.813510,
        "iops_samples" : 59
      },
      "write" : {
        "io_bytes" : 0,
        "io_kbytes" : 0,
        "bw_bytes" : 0,
        "bw" : 0,
        "iops" : 0.000000,
        "runtime" : 0,
        "total_ios" : 0,
        "short_ios" : 0,
        "drop_ios" : 0,
        "slat_ns" : {
          "min" : 0,
          "max" : 0,
          "mean" : 0.000000,
          "stddev" : 0.000000,
          "N" : 0
        },
        "clat_ns" : {
          "min" : 0,
          "max" : 0,
          "mean" : 0.000000,
          "stddev" : 0.000000,
          "N" : 0
        },
        "lat_ns" : {
          "min" : 0,
          "max" : 0,
          "mean" : 0.000000,
          "stddev" : 0.000000,
          "N" : 0
        },
        "bw_min" : 0,
        "bw_max" : 0,
        "bw_agg" : 0.000000,
        "bw_mean" : 0.000000,
        "bw_dev" : 0.000000,
        "bw_samples" : 0,
        "iops_min" : 0,
        "iops_max" : 0,
        "iops_mean" : 0.000000,
        "iops_stddev" : 0.000000,
        "iops_samples" : 0
      },
      "trim" : {
        "io_bytes" : 0,
        "io_kbytes" : 0,
        "bw_bytes" : 0,
        "bw" : 0,
        "iops" : 0.000000,
        "runtime" : 0,
        "total_ios" : 0,
        "short_ios" : 0,
        "drop_ios" : 0,
        "slat_ns" : {
          "min" : 0,
          "max" : 0,
          "mean" : 0.000000,
          "stddev" : 0.000000,
          "N" : 0
        },
        "clat_ns" : {
          "min" : 0,
          "max" : 0,
          "mean" : 0.000000,
          "stddev" : 0.000000,
          "N" : 0
        },
        "lat_ns" : {
          "min" : 0,
          "max" : 0,
          "mean" : 0.000000,
          "stddev" : 0.000000,
          "N" : 0
        },
        "bw_min" : 0,
        "bw_max" : 0,
        "bw_agg" : 0.000000,
        "bw_mean" : 0.000000,
        "bw_dev" : 0.000000,
        "bw_samples" : 0,
        "iops_min" : 0,
        "iops_max" : 0,
        "iops_mean" : 0.000000,
        "iops_stddev" : 0.000000,
        "iops_samples" : 0
      },
      "sync" : {
        "total_ios" : 0,
        "lat_ns" : {
          "min" : 0,
          "max" : 0,
          "mean" : 0.000000,
          "stddev" : 0.000000,
          "N" : 0
        }
      },
      "job_runtime" : 30000,
      "usr_cpu" : 11.463333,
      "sys_cpu" : 61.700000,
      "ctx" : 44874,
      "majf" : 0,
      "minf" : 18,
      "iodepth_level" : {
        "1" : 0.100000,
        "2" : 0.100000,
        "4" : 99.999848,
        "8" : 0.000000,
        "16" : 0.000000,
        "32" : 0.000000,
        ">=64" : 0.000000
      },
      "iodepth_submit" : {
        "0" : 0.000000,
        "4" : 100.000000,
        "8" : 0.000000,
        "16" : 0.000000,
        "32" : 0.000000,
        "64" : 0.000000,
        ">=64" : 0.000000
      },
      "iodepth_complete" : {
        "0" : 0.000000,
        "4" : 100.000000,
        "8" : 0.000000,
        "16" : 0.000000,
        "32" : 0.000000,
        "64" : 0.000000,
        ">=64" : 0.000000
      },
      "latency_ns" : {
        "2" : 0.000000,
        "4" : 0.000000,
        "10" : 0.000000,
        "20" : 0.000000,
        "50" : 0.000000,
        "100" : 0.000000,
        "250" : 0.000000,
        "500" : 2.154080,
        "750" : 0.030264,
        "1000" : 0.020008
      },
      "latency_us" : {
        "2" : 0.010000,
        "4" : 1.660148,
        "10" : 3.770423,
        "20" : 2.918724,
        "50" : 76.599632,
        "100" : 8.595351,
        "250" : 1.913480,
        "500" : 1.169854,
        "750" : 0.526874,
        "1000" : 0.386920
      },
      "latency_ms" : {
        "2" : 0.241964,
        "4" : 0.010000,
        "10" : 0.010000,
        "20" : 0.000000,
        "50" : 0.000000,
        "100" : 0.000000,
        "250" : 0.000000,
        "500" : 0.000000,
        "750" : 0.000000,
        "1000" : 0.000000,
        "2000" : 0.000000,
        ">=2000" : 0.000000
      },
      "latency_depth" : 4,
      "latency_target" : 0,
      "latency_percentile" : 100.000000,
      "latency_window" : 0
    }
  ],
  "disk_util" : [
    {
      "name" : "loop0",
      "read_ios" : 1644232,
      "write_ios" : 0,
      "read_sectors" : 13153856,
      "write_sectors" : 0,
      "read_merges" : 0,
      "write_merges" : 0,
      "read_ticks" : 63854,
      "write_ticks" : 0,
      "in_queue" : 63853,
      "util" : 91.784061
    }
  ]
}
