{
  "fio version" : "fio-3.36",
  "timestamp" : 1759292290,
  "timestamp_ms" : 1759292290906,
  "time" : "Wed Oct  1 00:18:10 2025",
  "global options" : {
    "filename" : "/mnt/project_partition/testfile.img",
    "direct" : "1",
    "ioengine" : "libaio",
    "runtime" : "30s"
  },
  "jobs" : [
    {
      "jobname" : "qd_randread_64",
      "groupid" : 0,
      "job_start" : 1759292260851,
      "error" : 0,
      "eta" : 0,
      "elapsed" : 31,
      "job options" : {
        "name" : "qd_randread_64",
        "rw" : "randread",
        "bs" : "4k",
        "iodepth" : "64",
        "numjobs" : "1"
      },
      "read" : {
        "io_bytes" : 11324948480,
        "io_kbytes" : 11059520,
        "bw_bytes" : 377485699,
        "bw" : 368638,
        "iops" : 92159.594680,
        "runtime" : 30001,
        "total_ios" : 2764880,
        "short_ios" : 0,
        "drop_ios" : 0,
        "slat_ns" : {
          "min" : 699,
          "max" : 2181566,
          "mean" : 9230.153361,
          "stddev" : 7250.721105,
          "N" : 2764880
        },
        "clat_ns" : {
          "min" : 3288,
          "max" : 4177244,
          "mean" : 684401.079779,
          "stddev" : 133879.855721,
          "N" : 2764880,
          "percentile" : {
            "1.000000" : 399360,
            "5.000000" : 452608,
            "10.000000" : 489472,
            "20.000000" : 561152,
            "30.000000" : 643072,
            "40.000000" : 684032,
            "50.000000" : 716800,
            "60.000000" : 733184,
            "70.000000" : 749568,
            "80.000000" : 774144,
            "90.000000" : 806912,
            "95.000000" : 839680,
            "99.000000" : 995328,
            "99.500000" : 1155072,
            "99.900000" : 1449984,
            "99.950000" : 1581056,
            "99.990000" : 2277376
          }
        },
        "lat_ns" : {
          "min" : 4882,
          "max" : 4182099,
          "mean" : 693631.233140,
          "stddev" : 135634.094976,
          "N" : 2764880
        },
        "bw_min" : 301864,
        "bw_max" : 518464,
        "bw_agg" : 100.000000,
        "bw_mean" : 368854.762712,
        "bw_dev" : 62738.026524,
        "bw_samples" : 59,
        "iops_min" : 75466,
        "iops_max" : 129616,
        "iops_mean" : 92213.542373,
        "iops_stddev" : 15684.601601,
        "iops_samples" : 59
      },
      "write" : {
        "io_bytes" : 0,
        "io_kbytes" : 0,
        "bw_bytes" : 0,
        "bw" : 0,
        "iops" : 0.000000,
        "runtime" : 0,
        "total_ios" : 0,
        "short_ios" : 0,
        "drop_ios" : 0,
        "slat_ns" : {
          "min" : 0,
          "max" : 0,
          "mean" : 0.000000,
          "stddev" : 0.000000,
          "N" : 0
        },
        "clat_ns" : {
          "min" : 0,
          "max" : 0,
          "mean" : 0.000000,
          "stddev" : 0.000000,
          "N" : 0
        },
        "lat_ns" : {
          "min" : 0,
          "max" : 0,
          "mean" : 0.000000,
          "stddev" : 0.000000,
          "N" : 0
        },
        "bw_min" : 0,
        "bw_max" : 0,
        "bw_agg" : 0.000000,
        "bw_mean" : 0.000000,
        "bw_dev" : 0.000000,
        "bw_samples" : 0,
        "iops_min" : 0,
        "iops_max" : 0,
        "iops_mean" : 0.000000,
        "iops_stddev" : 0.000000,
        "iops_samples" : 0
      },
      "trim" : {
        "io_bytes" : 0,
        "io_kbytes" : 0,
        "bw_bytes" : 0,
        "bw" : 0,
        "iops" : 0.000000,
        "runtime" : 0,
        "total_ios" : 0,
        "short_ios" : 0,
        "drop_ios" : 0,
        "slat_ns" : {
          "min" : 0,
          "max" : 0,
          "mean" : 0.000000,
          "stddev" : 0.000000,
          "N" : 0
        },
        "clat_ns" : {
          "min" : 0,
          "max" : 0,
          "mean" : 0.000000,
          "stddev" : 0.000000,
          "N" : 0
        },
        "lat_ns" : {
          "min" : 0,
          "max" : 0,
          "mean" : 0.000000,
          "stddev" : 0.000000,
          "N" : 0
        },
        "bw_min" : 0,
        "bw_max" : 0,
        "bw_agg" : 0.000000,
        "bw_mean" : 0.000000,
        "bw_dev" : 0.000000,
        "bw_samples" : 0,
        "iops_min" : 0,
        "iops_max" : 0,
        "iops_mean" : 0.000000,
        "iops_stddev" : 0.000000,
        "iops_samples" : 0
      },
      "sync" : {
        "total_ios" : 0,
        "lat_ns" : {
          "min" : 0,
          "max" : 0,
          "mean" : 0.000000,
          "stddev" : 0.000000,
          "N" : 0
        }
      },
      "job_runtime" : 30000,
      "usr_cpu" : 15.286667,
      "sys_cpu" : 84.600000,
      "ctx" : 87,
      "majf" : 0,
      "minf" : 74,
      "iodepth_level" : {
        "1" : 0.100000,
        "2" : 0.100000,
        "4" : 0.100000,
        "8" : 0.100000,
        "16" : 0.100000,
        "32" : 0.100000,
        ">=64" : 99.997721
      },
      "iodepth_submit" : {
        "0" : 0.000000,
        "4" : 100.000000,
        "8" : 0.000000,
        "16" : 0.000000,
        "32" : 0.000000,
        "64" : 0.000000,
        ">=64" : 0.000000
      },
      "iodepth_complete" : {
        "0" : 0.000000,
        "4" : 99.999964,
        "8" : 0.000000,
        "16" : 0.000000,
        "32" : 0.000000,
        "64" : 0.100000,
        ">=64" : 0.000000
      },
      "latency_ns" : {
        "2" : 0.000000,
        "4" : 0.000000,
        "10" : 0.000000,
        "20" : 0.000000,
        "50" : 0.000000,
        "100" : 0.000000,
        "250" : 0.000000,
        "500" : 0.000000,
        "750" : 0.000000,
        "1000" : 0.000000
      },
      "latency_us" : {
        "2" : 0.000000,
        "4" : 0.010000,
        "10" : 0.010000,
        "20" : 0.010000,
        "50" : 0.010000,
        "100" : 0.010000,
        "250" : 0.158235,
        "500" : 11.166307,
        "750" : 57.075063,
        "1000" : 30.634169
      },
      "latency_ms" : {
        "2" : 0.947528,
        "4" : 0.013635,
        "10" : 0.010000,
        "20" : 0.000000,
        "50" : 0.000000,
        "100" : 0.000000,
        "250" : 0.000000,
        "500" : 0.000000,
        "750" : 0.000000,
        "1000" : 0.000000,
        "2000" : 0.000000,
        ">=2000" : 0.000000
      },
      "latency_depth" : 64,
      "latency_target" : 0,
      "latency_percentile" : 100.000000,
      "latency_window" : 0
    }
  ],
  "disk_util" : [
    {
      "name" : "loop0",
      "read_ios" : 2230459,
      "write_ios" : 0,
      "read_sectors" : 17843672,
      "write_sectors" : 0,
      "read_merges" : 0,
      "write_merges" : 0,
      "read_ticks" : 45147,
      "write_ticks" : 0,
      "in_queue" : 45147,
      "util" : 93.462680
    }
  ]
}
