{
  "fio version" : "fio-3.36",
  "timestamp" : 1759292139,
  "timestamp_ms" : 1759292139635,
  "time" : "Wed Oct  1 00:15:39 2025",
  "global options" : {
    "filename" : "/mnt/project_partition/testfile.img",
    "direct" : "1",
    "ioengine" : "libaio",
    "runtime" : "30s"
  },
  "jobs" : [
    {
      "jobname" : "qd_randread_2",
      "groupid" : 0,
      "job_start" : 1759292109586,
      "error" : 0,
      "eta" : 0,
      "elapsed" : 31,
      "job options" : {
        "name" : "qd_randread_2",
        "rw" : "randread",
        "bs" : "4k",
        "iodepth" : "2",
        "numjobs" : "1"
      },
      "read" : {
        "io_bytes" : 5011804160,
        "io_kbytes" : 4894340,
        "bw_bytes" : 167054570,
        "bw" : 163139,
        "iops" : 40784.807173,
        "runtime" : 30001,
        "total_ios" : 1223585,
        "short_ios" : 0,
        "drop_ios" : 0,
        "slat_ns" : {
          "min" : 1400,
          "max" : 793833,
          "mean" : 17016.124350,
          "stddev" : 4509.466585,
          "N" : 1223585
        },
        "clat_ns" : {
          "min" : 3023,
          "max" : 910796,
          "mean" : 30790.433637,
          "stddev" : 13911.063654,
          "N" : 1223585,
          "percentile" : {
            "1.000000" : 21888,
            "5.000000" : 24192,
            "10.000000" : 24704,
            "20.000000" : 25216,
            "30.000000" : 25728,
            "40.000000" : 26240,
            "50.000000" : 27264,
            "60.000000" : 28800,
            "70.000000" : 29824,
            "80.000000" : 31360,
            "90.000000" : 36096,
            "95.000000" : 49920,
            "99.000000" : 110080,
            "99.500000" : 123392,
            "99.900000" : 140288,
            "99.950000" : 158720,
            "99.990000" : 201728
          }
        },
        "lat_ns" : {
          "min" : 6752,
          "max" : 914939,
          "mean" : 47806.557987,
          "stddev" : 13793.416540,
          "N" : 1223585
        },
        "bw_min" : 140819,
        "bw_max" : 169920,
        "bw_agg" : 100.000000,
        "bw_mean" : 163187.271186,
        "bw_dev" : 5968.587758,
        "bw_samples" : 59,
        "iops_min" : 35204,
        "iops_max" : 42480,
        "iops_mean" : 40796.711864,
        "iops_stddev" : 1492.304028,
        "iops_samples" : 59
      },
      "write" : {
        "io_bytes" : 0,
        "io_kbytes" : 0,
        "bw_bytes" : 0,
        "bw" : 0,
        "iops" : 0.000000,
        "runtime" : 0,
        "total_ios" : 0,
        "short_ios" : 0,
        "drop_ios" : 0,
        "slat_ns" : {
          "min" : 0,
          "max" : 0,
          "mean" : 0.000000,
          "stddev" : 0.000000,
          "N" : 0
        },
        "clat_ns" : {
          "min" : 0,
          "max" : 0,
          "mean" : 0.000000,
          "stddev" : 0.000000,
          "N" : 0
        },
        "lat_ns" : {
          "min" : 0,
          "max" : 0,
          "mean" : 0.000000,
          "stddev" : 0.000000,
          "N" : 0
        },
        "bw_min" : 0,
        "bw_max" : 0,
        "bw_agg" : 0.000000,
        "bw_mean" : 0.000000,
        "bw_dev" : 0.000000,
        "bw_samples" : 0,
        "iops_min" : 0,
        "iops_max" : 0,
        "iops_mean" : 0.000000,
        "iops_stddev" : 0.000000,
        "iops_samples" : 0
      },
      "trim" : {
        "io_bytes" : 0,
        "io_kbytes" : 0,
        "bw_bytes" : 0,
        "bw" : 0,
        "iops" : 0.000000,
        "runtime" : 0,
        "total_ios" : 0,
        "short_ios" : 0,
        "drop_ios" : 0,
        "slat_ns" : {
          "min" : 0,
          "max" : 0,
          "mean" : 0.000000,
          "stddev" : 0.000000,
          "N" : 0
        },
        "clat_ns" : {
          "min" : 0,
          "max" : 0,
          "mean" : 0.000000,
          "stddev" : 0.000000,
          "N" : 0
        },
        "lat_ns" : {
          "min" : 0,
          "max" : 0,
          "mean" : 0.000000,
          "stddev" : 0.000000,
          "N" : 0
        },
        "bw_min" : 0,
        "bw_max" : 0,
        "bw_agg" : 0.000000,
        "bw_mean" : 0.000000,
        "bw_dev" : 0.000000,
        "bw_samples" : 0,
        "iops_min" : 0,
        "iops_max" : 0,
        "iops_mean" : 0.000000,
        "iops_stddev" : 0.000000,
        "iops_samples" : 0
      },
      "sync" : {
        "total_ios" : 0,
        "lat_ns" : {
          "min" : 0,
          "max" : 0,
          "mean" : 0.000000,
          "stddev" : 0.000000,
          "N" : 0
        }
      },
      "job_runtime" : 30000,
      "usr_cpu" : 10.770000,
      "sys_cpu" : 75.183333,
      "ctx" : 599581,
      "majf" : 0,
      "minf" : 13,
      "iodepth_level" : {
        "1" : 0.100000,
        "2" : 99.999918,
        "4" : 0.000000,
        "8" : 0.000000,
        "16" : 0.000000,
        "32" : 0.000000,
        ">=64" : 0.000000
      },
      "iodepth_submit" : {
        "0" : 0.000000,
        "4" : 100.000000,
        "8" : 0.000000,
        "16" : 0.000000,
        "32" : 0.000000,
        "64" : 0.000000,
        ">=64" : 0.000000
      },
      "iodepth_complete" : {
        "0" : 0.000000,
        "4" : 100.000000,
        "8" : 0.000000,
        "16" : 0.000000,
        "32" : 0.000000,
        "64" : 0.000000,
        ">=64" : 0.000000
      },
      "latency_ns" : {
        "2" : 0.000000,
        "4" : 0.000000,
        "10" : 0.000000,
        "20" : 0.000000,
        "50" : 0.000000,
        "100" : 0.000000,
        "250" : 0.000000,
        "500" : 0.000000,
        "750" : 0.000000,
        "1000" : 0.000000
      },
      "latency_us" : {
        "2" : 0.000000,
        "4" : 0.010000,
        "10" : 0.233412,
        "20" : 0.278117,
        "50" : 94.580025,
        "100" : 3.526114,
        "250" : 1.375466,
        "500" : 0.010000,
        "750" : 0.010000,
        "1000" : 0.010000
      },
      "latency_ms" : {
        "2" : 0.000000,
        "4" : 0.000000,
        "10" : 0.000000,
        "20" : 0.000000,
        "50" : 0.000000,
        "100" : 0.000000,
        "250" : 0.000000,
        "500" : 0.000000,
        "750" : 0.000000,
        "1000" : 0.000000,
        "2000" : 0.000000,
        ">=2000" : 0.000000
      },
      "latency_depth" : 2,
      "latency_target" : 0,
      "latency_percentile" : 100.000000,
      "latency_window" : 0
    }
  ],
  "disk_util" : [
    {
      "name" : "loop0",
      "read_ios" : 1222296,
      "write_ios" : 0,
      "read_sectors" : 9778368,
      "write_sectors" : 0,
      "read_merges" : 0,
      "write_merges" : 0,
      "read_ticks" : 35555,
      "write_ticks" : 0,
      "in_queue" : 35555,
      "util" : 80.154476
    }
  ]
}
