{
  "fio version" : "fio-3.36",
  "timestamp" : 1759292260,
  "timestamp_ms" : 1759292260639,
  "time" : "Wed Oct  1 00:17:40 2025",
  "global options" : {
    "filename" : "/mnt/project_partition/testfile.img",
    "direct" : "1",
    "ioengine" : "libaio",
    "runtime" : "30s"
  },
  "jobs" : [
    {
      "jobname" : "qd_randread_32",
      "groupid" : 0,
      "job_start" : 1759292230592,
      "error" : 0,
      "eta" : 0,
      "elapsed" : 31,
      "job options" : {
        "name" : "qd_randread_32",
        "rw" : "randread",
        "bs" : "4k",
        "iodepth" : "32",
        "numjobs" : "1"
      },
      "read" : {
        "io_bytes" : 11422801920,
        "io_kbytes" : 11155080,
        "bw_bytes" : 380747372,
        "bw" : 371823,
        "iops" : 92955.901470,
        "runtime" : 30001,
        "total_ios" : 2788770,
        "short_ios" : 0,
        "drop_ios" : 0,
        "slat_ns" : {
          "min" : 796,
          "max" : 1666367,
          "mean" : 9198.792296,
          "stddev" : 6646.651390,
          "N" : 2788770
        },
        "clat_ns" : {
          "min" : 598,
          "max" : 2849453,
          "mean" : 334300.069554,
          "stddev" : 68392.481801,
          "N" : 2788770,
          "percentile" : {
            "1.000000" : 173056,
            "5.000000" : 209920,
            "10.000000" : 232448,
            "20.000000" : 276480,
            "30.000000" : 309248,
            "40.000000" : 333824,
            "50.000000" : 350208,
            "60.000000" : 358400,
            "70.000000" : 370688,
            "80.000000" : 382976,
            "90.000000" : 403456,
            "95.000000" : 419840,
            "99.000000" : 485376,
            "99.500000" : 522240,
            "99.900000" : 659456,
            "99.950000" : 724992,
            "99.990000" : 872448
          }
        },
        "lat_ns" : {
          "min" : 3489,
          "max" : 2867995,
          "mean" : 343498.861849,
          "stddev" : 70199.154401,
          "N" : 2788770
        },
        "bw_min" : 317944,
        "bw_max" : 541664,
        "bw_agg" : 100.000000,
        "bw_mean" : 372136.016949,
        "bw_dev" : 64811.631904,
        "bw_samples" : 59,
        "iops_min" : 79486,
        "iops_max" : 135416,
        "iops_mean" : 93034.016949,
        "iops_stddev" : 16202.937468,
        "iops_samples" : 59
      },
      "write" : {
        "io_bytes" : 0,
        "io_kbytes" : 0,
        "bw_bytes" : 0,
        "bw" : 0,
        "iops" : 0.000000,
        "runtime" : 0,
        "total_ios" : 0,
        "short_ios" : 0,
        "drop_ios" : 0,
        "slat_ns" : {
          "min" : 0,
          "max" : 0,
          "mean" : 0.000000,
          "stddev" : 0.000000,
          "N" : 0
        },
        "clat_ns" : {
          "min" : 0,
          "max" : 0,
          "mean" : 0.000000,
          "stddev" : 0.000000,
          "N" : 0
        },
        "lat_ns" : {
          "min" : 0,
          "max" : 0,
          "mean" : 0.000000,
          "stddev" : 0.000000,
          "N" : 0
        },
        "bw_min" : 0,
        "bw_max" : 0,
        "bw_agg" : 0.000000,
        "bw_mean" : 0.000000,
        "bw_dev" : 0.000000,
        "bw_samples" : 0,
        "iops_min" : 0,
        "iops_max" : 0,
        "iops_mean" : 0.000000,
        "iops_stddev" : 0.000000,
        "iops_samples" : 0
      },
      "trim" : {
        "io_bytes" : 0,
        "io_kbytes" : 0,
        "bw_bytes" : 0,
        "bw" : 0,
        "iops" : 0.000000,
        "runtime" : 0,
        "total_ios" : 0,
        "short_ios" : 0,
        "drop_ios" : 0,
        "slat_ns" : {
          "min" : 0,
          "max" : 0,
          "mean" : 0.000000,
          "stddev" : 0.000000,
          "N" : 0
        },
        "clat_ns" : {
          "min" : 0,
          "max" : 0,
          "mean" : 0.000000,
          "stddev" : 0.000000,
          "N" : 0
        },
        "lat_ns" : {
          "min" : 0,
          "max" : 0,
          "mean" : 0.000000,
          "stddev" : 0.000000,
          "N" : 0
        },
        "bw_min" : 0,
        "bw_max" : 0,
        "bw_agg" : 0.000000,
        "bw_mean" : 0.000000,
        "bw_dev" : 0.000000,
        "bw_samples" : 0,
        "iops_min" : 0,
        "iops_max" : 0,
        "iops_mean" : 0.000000,
        "iops_stddev" : 0.000000,
        "iops_samples" : 0
      },
      "sync" : {
        "total_ios" : 0,
        "lat_ns" : {
          "min" : 0,
          "max" : 0,
          "mean" : 0.000000,
          "stddev" : 0.000000,
          "N" : 0
        }
      },
      "job_runtime" : 30000,
      "usr_cpu" : 14.553333,
      "sys_cpu" : 85.396667,
      "ctx" : 97,
      "majf" : 0,
      "minf" : 44,
      "iodepth_level" : {
        "1" : 0.100000,
        "2" : 0.100000,
        "4" : 0.100000,
        "8" : 0.100000,
        "16" : 0.100000,
        "32" : 99.998888,
        ">=64" : 0.000000
      },
      "iodepth_submit" : {
        "0" : 0.000000,
        "4" : 100.000000,
        "8" : 0.000000,
        "16" : 0.000000,
        "32" : 0.000000,
        "64" : 0.000000,
        ">=64" : 0.000000
      },
      "iodepth_complete" : {
        "0" : 0.000000,
        "4" : 99.999964,
        "8" : 0.000000,
        "16" : 0.000000,
        "32" : 0.100000,
        "64" : 0.000000,
        ">=64" : 0.000000
      },
      "latency_ns" : {
        "2" : 0.000000,
        "4" : 0.000000,
        "10" : 0.000000,
        "20" : 0.000000,
        "50" : 0.000000,
        "100" : 0.000000,
        "250" : 0.000000,
        "500" : 0.000000,
        "750" : 0.010000,
        "1000" : 0.010000
      },
      "latency_us" : {
        "2" : 0.010000,
        "4" : 0.010000,
        "10" : 0.010000,
        "20" : 0.010000,
        "50" : 0.010000,
        "100" : 0.105244,
        "250" : 13.939837,
        "500" : 85.204302,
        "750" : 0.705329,
        "1000" : 0.028794
      },
      "latency_ms" : {
        "2" : 0.010000,
        "4" : 0.010000,
        "10" : 0.000000,
        "20" : 0.000000,
        "50" : 0.000000,
        "100" : 0.000000,
        "250" : 0.000000,
        "500" : 0.000000,
        "750" : 0.000000,
        "1000" : 0.000000,
        "2000" : 0.000000,
        ">=2000" : 0.000000
      },
      "latency_depth" : 32,
      "latency_target" : 0,
      "latency_percentile" : 100.000000,
      "latency_window" : 0
    }
  ],
  "disk_util" : [
    {
      "name" : "loop0",
      "read_ios" : 2249160,
      "write_ios" : 0,
      "read_sectors" : 17993280,
      "write_sectors" : 0,
      "read_merges" : 0,
      "write_merges" : 0,
      "read_ticks" : 44885,
      "write_ticks" : 0,
      "in_queue" : 44885,
      "util" : 93.048378
    }
  ]
}
