{
  "fio version" : "fio-3.36",
  "timestamp" : 1759292351,
  "timestamp_ms" : 1759292351426,
  "time" : "Wed Oct  1 00:19:11 2025",
  "global options" : {
    "filename" : "/mnt/project_partition/testfile.img",
    "direct" : "1",
    "ioengine" : "libaio",
    "runtime" : "30s"
  },
  "jobs" : [
    {
      "jobname" : "tail_lat_qd16",
      "groupid" : 0,
      "job_start" : 1759292321370,
      "error" : 0,
      "eta" : 0,
      "elapsed" : 31,
      "job options" : {
        "name" : "tail_lat_qd16",
        "rw" : "randread",
        "bs" : "4k",
        "iodepth" : "16",
        "numjobs" : "1",
        "lat_percentiles" : "1"
      },
      "read" : {
        "io_bytes" : 11396235264,
        "io_kbytes" : 11129136,
        "bw_bytes" : 379861846,
        "bw" : 370958,
        "iops" : 92739.708676,
        "runtime" : 30001,
        "total_ios" : 2782284,
        "short_ios" : 0,
        "drop_ios" : 0,
        "slat_ns" : {
          "min" : 806,
          "max" : 3225630,
          "mean" : 9157.904141,
          "stddev" : 6946.788259,
          "N" : 2782284
        },
        "clat_ns" : {
          "min" : 299,
          "max" : 4752340,
          "mean" : 162578.754676,
          "stddev" : 39509.815078,
          "N" : 2782284,
          "percentile" : {
            "1.000000" : 71168,
            "5.000000" : 96768,
            "10.000000" : 112128,
            "20.000000" : 134144,
            "30.000000" : 150528,
            "40.000000" : 160768,
            "50.000000" : 166912,
            "60.000000" : 173056,
            "70.000000" : 179200,
            "80.000000" : 185344,
            "90.000000" : 197632,
            "95.000000" : 211968,
            "99.000000" : 259072,
            "99.500000" : 288768,
            "99.900000" : 354304,
            "99.950000" : 378880,
            "99.990000" : 593920
          }
        },
        "lat_ns" : {
          "min" : 1411,
          "max" : 4754420,
          "mean" : 171736.658816,
          "stddev" : 41355.208608,
          "N" : 2782284,
          "percentile" : {
            "1.000000" : 75264,
            "5.000000" : 103936,
            "10.000000" : 119296,
            "20.000000" : 142336,
            "30.000000" : 158720,
            "40.000000" : 168960,
            "50.000000" : 177152,
            "60.000000" : 183296,
            "70.000000" : 189440,
            "80.000000" : 197632,
            "90.000000" : 209920,
            "95.000000" : 222208,
            "99.000000" : 272384,
            "99.500000" : 301056,
            "99.900000" : 374784,
            "99.950000" : 399360,
            "99.990000" : 602112
          }
        },
        "bw_min" : 311096,
        "bw_max" : 510816,
        "bw_agg" : 100.000000,
        "bw_mean" : 371274.830508,
        "bw_dev" : 59176.509878,
        "bw_samples" : 59,
        "iops_min" : 77774,
        "iops_max" : 127704,
        "iops_mean" : 92818.694915,
        "iops_stddev" : 14794.110786,
        "iops_samples" : 59
      },
      "write" : {
        "io_bytes" : 0,
        "io_kbytes" : 0,
        "bw_bytes" : 0,
        "bw" : 0,
        "iops" : 0.000000,
        "runtime" : 0,
        "total_ios" : 0,
        "short_ios" : 0,
        "drop_ios" : 0,
        "slat_ns" : {
          "min" : 0,
          "max" : 0,
          "mean" : 0.000000,
          "stddev" : 0.000000,
          "N" : 0
        },
        "clat_ns" : {
          "min" : 0,
          "max" : 0,
          "mean" : 0.000000,
          "stddev" : 0.000000,
          "N" : 0
        },
        "lat_ns" : {
          "min" : 0,
          "max" : 0,
          "mean" : 0.000000,
          "stddev" : 0.000000,
          "N" : 0
        },
        "bw_min" : 0,
        "bw_max" : 0,
        "bw_agg" : 0.000000,
        "bw_mean" : 0.000000,
        "bw_dev" : 0.000000,
        "bw_samples" : 0,
        "iops_min" : 0,
        "iops_max" : 0,
        "iops_mean" : 0.000000,
        "iops_stddev" : 0.000000,
        "iops_samples" : 0
      },
      "trim" : {
        "io_bytes" : 0,
        "io_kbytes" : 0,
        "bw_bytes" : 0,
        "bw" : 0,
        "iops" : 0.000000,
        "runtime" : 0,
        "total_ios" : 0,
        "short_ios" : 0,
        "drop_ios" : 0,
        "slat_ns" : {
          "min" : 0,
          "max" : 0,
          "mean" : 0.000000,
          "stddev" : 0.000000,
          "N" : 0
        },
        "clat_ns" : {
          "min" : 0,
          "max" : 0,
          "mean" : 0.000000,
          "stddev" : 0.000000,
          "N" : 0
        },
        "lat_ns" : {
          "min" : 0,
          "max" : 0,
          "mean" : 0.000000,
          "stddev" : 0.000000,
          "N" : 0
        },
        "bw_min" : 0,
        "bw_max" : 0,
        "bw_agg" : 0.000000,
        "bw_mean" : 0.000000,
        "bw_dev" : 0.000000,
        "bw_samples" : 0,
        "iops_min" : 0,
        "iops_max" : 0,
        "iops_mean" : 0.000000,
        "iops_stddev" : 0.000000,
        "iops_samples" : 0
      },
      "sync" : {
        "total_ios" : 0,
        "lat_ns" : {
          "min" : 0,
          "max" : 0,
          "mean" : 0.000000,
          "stddev" : 0.000000,
          "N" : 0
        }
      },
      "job_runtime" : 30000,
      "usr_cpu" : 15.716667,
      "sys_cpu" : 84.123333,
      "ctx" : 698,
      "majf" : 0,
      "minf" : 30,
      "iodepth_level" : {
        "1" : 0.100000,
        "2" : 0.100000,
        "4" : 0.100000,
        "8" : 0.100000,
        "16" : 99.999461,
        "32" : 0.000000,
        ">=64" : 0.000000
      },
      "iodepth_submit" : {
        "0" : 0.000000,
        "4" : 100.000000,
        "8" : 0.000000,
        "16" : 0.000000,
        "32" : 0.000000,
        "64" : 0.000000,
        ">=64" : 0.000000
      },
      "iodepth_complete" : {
        "0" : 0.000000,
        "4" : 99.999964,
        "8" : 0.000000,
        "16" : 0.100000,
        "32" : 0.000000,
        "64" : 0.000000,
        ">=64" : 0.000000
      },
      "latency_ns" : {
        "2" : 0.000000,
        "4" : 0.000000,
        "10" : 0.000000,
        "20" : 0.000000,
        "50" : 0.000000,
        "100" : 0.000000,
        "250" : 0.000000,
        "500" : 0.010000,
        "750" : 0.010000,
        "1000" : 0.000000
      },
      "latency_us" : {
        "2" : 0.000000,
        "4" : 0.010000,
        "10" : 0.010000,
        "20" : 0.010000,
        "50" : 0.201022,
        "100" : 5.424320,
        "250" : 93.095744,
        "500" : 1.247141,
        "750" : 0.014413,
        "1000" : 0.010000
      },
      "latency_ms" : {
        "2" : 0.010000,
        "4" : 0.010000,
        "10" : 0.010000,
        "20" : 0.000000,
        "50" : 0.000000,
        "100" : 0.000000,
        "250" : 0.000000,
        "500" : 0.000000,
        "750" : 0.000000,
        "1000" : 0.000000,
        "2000" : 0.000000,
        ">=2000" : 0.000000
      },
      "latency_depth" : 16,
      "latency_target" : 0,
      "latency_percentile" : 100.000000,
      "latency_window" : 0
    }
  ],
  "disk_util" : [
    {
      "name" : "loop0",
      "read_ios" : 2243085,
      "write_ios" : 0,
      "read_sectors" : 17944680,
      "write_sectors" : 0,
      "read_merges" : 0,
      "write_merges" : 0,
      "read_ticks" : 44762,
      "write_ticks" : 0,
      "in_queue" : 44762,
      "util" : 93.914435
    }
  ]
}
