{
  "fio version" : "fio-3.36",
  "timestamp" : 1759292381,
  "timestamp_ms" : 1759292381671,
  "time" : "Wed Oct  1 00:19:41 2025",
  "global options" : {
    "filename" : "/mnt/project_partition/testfile.img",
    "direct" : "1",
    "ioengine" : "libaio",
    "runtime" : "30s"
  },
  "jobs" : [
    {
      "jobname" : "tail_lat_qd64",
      "groupid" : 0,
      "job_start" : 1759292351627,
      "error" : 0,
      "eta" : 0,
      "elapsed" : 31,
      "job options" : {
        "name" : "tail_lat_qd64",
        "rw" : "randread",
        "bs" : "4k",
        "iodepth" : "64",
        "numjobs" : "1",
        "lat_percentiles" : "1"
      },
      "read" : {
        "io_bytes" : 11448938496,
        "io_kbytes" : 11180604,
        "bw_bytes" : 381618562,
        "bw" : 372674,
        "iops" : 93168.594380,
        "runtime" : 30001,
        "total_ios" : 2795151,
        "short_ios" : 0,
        "drop_ios" : 0,
        "slat_ns" : {
          "min" : 801,
          "max" : 477909,
          "mean" : 9136.572063,
          "stddev" : 6562.622541,
          "N" : 2795151
        },
        "clat_ns" : {
          "min" : 2457,
          "max" : 1623683,
          "mean" : 676982.440664,
          "stddev" : 115461.610886,
          "N" : 2795151,
          "percentile" : {
            "1.000000" : 403456,
            "5.000000" : 460800,
            "10.000000" : 497664,
            "20.000000" : 569344,
            "30.000000" : 643072,
            "40.000000" : 684032,
            "50.000000" : 708608,
            "60.000000" : 724992,
            "70.000000" : 741376,
            "80.000000" : 757760,
            "90.000000" : 790528,
            "95.000000" : 823296,
            "99.000000" : 913408,
            "99.500000" : 962560,
            "99.900000" : 1155072,
            "99.950000" : 1269760,
            "99.990000" : 1466368
          }
        },
        "lat_ns" : {
          "min" : 3890,
          "max" : 1636566,
          "mean" : 686119.012727,
          "stddev" : 117001.815976,
          "N" : 2795151,
          "percentile" : {
            "1.000000" : 411648,
            "5.000000" : 464896,
            "10.000000" : 505856,
            "20.000000" : 577536,
            "30.000000" : 651264,
            "40.000000" : 692224,
            "50.000000" : 716800,
            "60.000000" : 733184,
            "70.000000" : 749568,
            "80.000000" : 774144,
            "90.000000" : 798720,
            "95.000000" : 831488,
            "99.000000" : 921600,
            "99.500000" : 978944,
            "99.900000" : 1171456,
            "99.950000" : 1269760,
            "99.990000" : 1482752
          }
        },
        "bw_min" : 328704,
        "bw_max" : 509600,
        "bw_agg" : 100.000000,
        "bw_mean" : 373095.135593,
        "bw_dev" : 57460.482290,
        "bw_samples" : 59,
        "iops_min" : 82176,
        "iops_max" : 127400,
        "iops_mean" : 93273.745763,
        "iops_stddev" : 14365.066131,
        "iops_samples" : 59
      },
      "write" : {
        "io_bytes" : 0,
        "io_kbytes" : 0,
        "bw_bytes" : 0,
        "bw" : 0,
        "iops" : 0.000000,
        "runtime" : 0,
        "total_ios" : 0,
        "short_ios" : 0,
        "drop_ios" : 0,
        "slat_ns" : {
          "min" : 0,
          "max" : 0,
          "mean" : 0.000000,
          "stddev" : 0.000000,
          "N" : 0
        },
        "clat_ns" : {
          "min" : 0,
          "max" : 0,
          "mean" : 0.000000,
          "stddev" : 0.000000,
          "N" : 0
        },
        "lat_ns" : {
          "min" : 0,
          "max" : 0,
          "mean" : 0.000000,
          "stddev" : 0.000000,
          "N" : 0
        },
        "bw_min" : 0,
        "bw_max" : 0,
        "bw_agg" : 0.000000,
        "bw_mean" : 0.000000,
        "bw_dev" : 0.000000,
        "bw_samples" : 0,
        "iops_min" : 0,
        "iops_max" : 0,
        "iops_mean" : 0.000000,
        "iops_stddev" : 0.000000,
        "iops_samples" : 0
      },
      "trim" : {
        "io_bytes" : 0,
        "io_kbytes" : 0,
        "bw_bytes" : 0,
        "bw" : 0,
        "iops" : 0.000000,
        "runtime" : 0,
        "total_ios" : 0,
        "short_ios" : 0,
        "drop_ios" : 0,
        "slat_ns" : {
          "min" : 0,
          "max" : 0,
          "mean" : 0.000000,
          "stddev" : 0.000000,
          "N" : 0
        },
        "clat_ns" : {
          "min" : 0,
          "max" : 0,
          "mean" : 0.000000,
          "stddev" : 0.000000,
          "N" : 0
        },
        "lat_ns" : {
          "min" : 0,
          "max" : 0,
          "mean" : 0.000000,
          "stddev" : 0.000000,
          "N" : 0
        },
        "bw_min" : 0,
        "bw_max" : 0,
        "bw_agg" : 0.000000,
        "bw_mean" : 0.000000,
        "bw_dev" : 0.000000,
        "bw_samples" : 0,
        "iops_min" : 0,
        "iops_max" : 0,
        "iops_mean" : 0.000000,
        "iops_stddev" : 0.000000,
        "iops_samples" : 0
      },
      "sync" : {
        "total_ios" : 0,
        "lat_ns" : {
          "min" : 0,
          "max" : 0,
          "mean" : 0.000000,
          "stddev" : 0.000000,
          "N" : 0
        }
      },
      "job_runtime" : 30000,
      "usr_cpu" : 14.940000,
      "sys_cpu" : 85.023333,
      "ctx" : 68,
      "majf" : 0,
      "minf" : 80,
      "iodepth_level" : {
        "1" : 0.100000,
        "2" : 0.100000,
        "4" : 0.100000,
        "8" : 0.100000,
        "16" : 0.100000,
        "32" : 0.100000,
        ">=64" : 99.997746
      },
      "iodepth_submit" : {
        "0" : 0.000000,
        "4" : 100.000000,
        "8" : 0.000000,
        "16" : 0.000000,
        "32" : 0.000000,
        "64" : 0.000000,
        ">=64" : 0.000000
      },
      "iodepth_complete" : {
        "0" : 0.000000,
        "4" : 99.999964,
        "8" : 0.000000,
        "16" : 0.000000,
        "32" : 0.000000,
        "64" : 0.100000,
        ">=64" : 0.000000
      },
      "latency_ns" : {
        "2" : 0.000000,
        "4" : 0.000000,
        "10" : 0.000000,
        "20" : 0.000000,
        "50" : 0.000000,
        "100" : 0.000000,
        "250" : 0.000000,
        "500" : 0.000000,
        "750" : 0.000000,
        "1000" : 0.000000
      },
      "latency_us" : {
        "2" : 0.000000,
        "4" : 0.010000,
        "10" : 0.010000,
        "20" : 0.010000,
        "50" : 0.010000,
        "100" : 0.010000,
        "250" : 0.105540,
        "500" : 10.199449,
        "750" : 64.342177,
        "1000" : 25.008953
      },
      "latency_ms" : {
        "2" : 0.340482,
        "4" : 0.000000,
        "10" : 0.000000,
        "20" : 0.000000,
        "50" : 0.000000,
        "100" : 0.000000,
        "250" : 0.000000,
        "500" : 0.000000,
        "750" : 0.000000,
        "1000" : 0.000000,
        "2000" : 0.000000,
        ">=2000" : 0.000000
      },
      "latency_depth" : 64,
      "latency_target" : 0,
      "latency_percentile" : 100.000000,
      "latency_window" : 0
    }
  ],
  "disk_util" : [
    {
      "name" : "loop0",
      "read_ios" : 2254869,
      "write_ios" : 0,
      "read_sectors" : 18038952,
      "write_sectors" : 0,
      "read_merges" : 0,
      "write_merges" : 0,
      "read_ticks" : 44955,
      "write_ticks" : 0,
      "in_queue" : 44955,
      "util" : 94.455743
    }
  ]
}
