{
  "fio version" : "fio-3.36",
  "timestamp" : 1759291543,
  "timestamp_ms" : 1759291543606,
  "time" : "Wed Oct  1 00:05:43 2025",
  "global options" : {
    "filename" : "/mnt/project_partition/testfile.img",
    "direct" : "1",
    "ioengine" : "libaio",
    "runtime" : "30s"
  },
  "jobs" : [
    {
      "jobname" : "zeroq_read_128k",
      "groupid" : 0,
      "job_start" : 1759291513558,
      "error" : 0,
      "eta" : 0,
      "elapsed" : 31,
      "job options" : {
        "name" : "zeroq_read_128k",
        "rw" : "read",
        "bs" : "128k",
        "iodepth" : "1",
        "numjobs" : "1"
      },
      "read" : {
        "io_bytes" : 34104541184,
        "io_kbytes" : 33305216,
        "bw_bytes" : 1136780146,
        "bw" : 1110136,
        "iops" : 8672.944235,
        "runtime" : 30001,
        "total_ios" : 260197,
        "short_ios" : 0,
        "drop_ios" : 0,
        "slat_ns" : {
          "min" : 5053,
          "max" : 6895202,
          "mean" : 25729.223069,
          "stddev" : 16071.554525,
          "N" : 260197
        },
        "clat_ns" : {
          "min" : 298,
          "max" : 212661558,
          "mean" : 88479.375043,
          "stddev" : 472865.757148,
          "N" : 260197,
          "percentile" : {
            "1.000000" : 892,
            "5.000000" : 28544,
            "10.000000" : 29056,
            "20.000000" : 30080,
            "30.000000" : 30848,
            "40.000000" : 31360,
            "50.000000" : 32128,
            "60.000000" : 32640,
            "70.000000" : 33536,
            "80.000000" : 36096,
            "90.000000" : 80384,
            "95.000000" : 544768,
            "99.000000" : 1105920,
            "99.500000" : 1302528,
            "99.900000" : 1695744,
            "99.950000" : 1957888,
            "99.990000" : 4489216
          }
        },
        "lat_ns" : {
          "min" : 5461,
          "max" : 212677344,
          "mean" : 114208.598112,
          "stddev" : 473649.575334,
          "N" : 260197
        },
        "bw_min" : 136175,
        "bw_max" : 2139904,
        "bw_agg" : 100.000000,
        "bw_mean" : 1126236.610169,
        "bw_dev" : 958761.837763,
        "bw_samples" : 59,
        "iops_min" : 1063,
        "iops_max" : 16718,
        "iops_mean" : 8798.593220,
        "iops_stddev" : 7490.438427,
        "iops_samples" : 59
      },
      "write" : {
        "io_bytes" : 0,
        "io_kbytes" : 0,
        "bw_bytes" : 0,
        "bw" : 0,
        "iops" : 0.000000,
        "runtime" : 0,
        "total_ios" : 0,
        "short_ios" : 0,
        "drop_ios" : 0,
        "slat_ns" : {
          "min" : 0,
          "max" : 0,
          "mean" : 0.000000,
          "stddev" : 0.000000,
          "N" : 0
        },
        "clat_ns" : {
          "min" : 0,
          "max" : 0,
          "mean" : 0.000000,
          "stddev" : 0.000000,
          "N" : 0
        },
        "lat_ns" : {
          "min" : 0,
          "max" : 0,
          "mean" : 0.000000,
          "stddev" : 0.000000,
          "N" : 0
        },
        "bw_min" : 0,
        "bw_max" : 0,
        "bw_agg" : 0.000000,
        "bw_mean" : 0.000000,
        "bw_dev" : 0.000000,
        "bw_samples" : 0,
        "iops_min" : 0,
        "iops_max" : 0,
        "iops_mean" : 0.000000,
        "iops_stddev" : 0.000000,
        "iops_samples" : 0
      },
      "trim" : {
        "io_bytes" : 0,
        "io_kbytes" : 0,
        "bw_bytes" : 0,
        "bw" : 0,
        "iops" : 0.000000,
        "runtime" : 0,
        "total_ios" : 0,
        "short_ios" : 0,
        "drop_ios" : 0,
        "slat_ns" : {
          "min" : 0,
          "max" : 0,
          "mean" : 0.000000,
          "stddev" : 0.000000,
          "N" : 0
        },
        "clat_ns" : {
          "min" : 0,
          "max" : 0,
          "mean" : 0.000000,
          "stddev" : 0.000000,
          "N" : 0
        },
        "lat_ns" : {
          "min" : 0,
          "max" : 0,
          "mean" : 0.000000,
          "stddev" : 0.000000,
          "N" : 0
        },
        "bw_min" : 0,
        "bw_max" : 0,
        "bw_agg" : 0.000000,
        "bw_mean" : 0.000000,
        "bw_dev" : 0.000000,
        "bw_samples" : 0,
        "iops_min" : 0,
        "iops_max" : 0,
        "iops_mean" : 0.000000,
        "iops_stddev" : 0.000000,
        "iops_samples" : 0
      },
      "sync" : {
        "total_ios" : 0,
        "lat_ns" : {
          "min" : 0,
          "max" : 0,
          "mean" : 0.000000,
          "stddev" : 0.000000,
          "N" : 0
        }
      },
      "job_runtime" : 30000,
      "usr_cpu" : 2.533333,
      "sys_cpu" : 26.773333,
      "ctx" : 256204,
      "majf" : 0,
      "minf" : 54,
      "iodepth_level" : {
        "1" : 100.000000,
        "2" : 0.000000,
        "4" : 0.000000,
        "8" : 0.000000,
        "16" : 0.000000,
        "32" : 0.000000,
        ">=64" : 0.000000
      },
      "iodepth_submit" : {
        "0" : 0.000000,
        "4" : 100.000000,
        "8" : 0.000000,
        "16" : 0.000000,
        "32" : 0.000000,
        "64" : 0.000000,
        ">=64" : 0.000000
      },
      "iodepth_complete" : {
        "0" : 0.000000,
        "4" : 100.000000,
        "8" : 0.000000,
        "16" : 0.000000,
        "32" : 0.000000,
        "64" : 0.000000,
        ">=64" : 0.000000
      },
      "latency_ns" : {
        "2" : 0.000000,
        "4" : 0.000000,
        "10" : 0.000000,
        "20" : 0.000000,
        "50" : 0.000000,
        "100" : 0.000000,
        "250" : 0.000000,
        "500" : 0.017295,
        "750" : 0.058417,
        "1000" : 1.320538
      },
      "latency_us" : {
        "2" : 0.106842,
        "4" : 0.010000,
        "10" : 0.080708,
        "20" : 0.069947,
        "50" : 85.015584,
        "100" : 4.932032,
        "250" : 1.375112,
        "500" : 1.585722,
        "750" : 2.144529,
        "1000" : 1.815932
      },
      "latency_ms" : {
        "2" : 1.429302,
        "4" : 0.033052,
        "10" : 0.011530,
        "20" : 0.010000,
        "50" : 0.010000,
        "100" : 0.000000,
        "250" : 0.010000,
        "500" : 0.000000,
        "750" : 0.000000,
        "1000" : 0.000000,
        "2000" : 0.000000,
        ">=2000" : 0.000000
      },
      "latency_depth" : 1,
      "latency_target" : 0,
      "latency_percentile" : 100.000000,
      "latency_window" : 0
    }
  ],
  "disk_util" : [
    {
      "name" : "loop0",
      "read_ios" : 889370,
      "write_ios" : 86,
      "read_sectors" : 8647504,
      "write_sectors" : 41400,
      "read_merges" : 0,
      "write_merges" : 5089,
      "read_ticks" : 68224,
      "write_ticks" : 685,
      "in_queue" : 69126,
      "util" : 85.900940
    }
  ]
}
