{
  "fio version" : "fio-3.36",
  "timestamp" : 1759291582,
  "timestamp_ms" : 1759291582238,
  "time" : "Wed Oct  1 00:06:22 2025",
  "global options" : {
    "filename" : "/mnt/project_partition/testfile.img",
    "direct" : "1",
    "ioengine" : "libaio",
    "runtime" : "30s"
  },
  "jobs" : [
    {
      "jobname" : "zeroq_write_128k",
      "groupid" : 0,
      "job_start" : 1759291543869,
      "error" : 0,
      "eta" : 0,
      "elapsed" : 39,
      "job options" : {
        "name" : "zeroq_write_128k",
        "rw" : "write",
        "bs" : "128k",
        "iodepth" : "1",
        "numjobs" : "1"
      },
      "read" : {
        "io_bytes" : 0,
        "io_kbytes" : 0,
        "bw_bytes" : 0,
        "bw" : 0,
        "iops" : 0.000000,
        "runtime" : 0,
        "total_ios" : 0,
        "short_ios" : 0,
        "drop_ios" : 0,
        "slat_ns" : {
          "min" : 0,
          "max" : 0,
          "mean" : 0.000000,
          "stddev" : 0.000000,
          "N" : 0
        },
        "clat_ns" : {
          "min" : 0,
          "max" : 0,
          "mean" : 0.000000,
          "stddev" : 0.000000,
          "N" : 0
        },
        "lat_ns" : {
          "min" : 0,
          "max" : 0,
          "mean" : 0.000000,
          "stddev" : 0.000000,
          "N" : 0
        },
        "bw_min" : 0,
        "bw_max" : 0,
        "bw_agg" : 0.000000,
        "bw_mean" : 0.000000,
        "bw_dev" : 0.000000,
        "bw_samples" : 0,
        "iops_min" : 0,
        "iops_max" : 0,
        "iops_mean" : 0.000000,
        "iops_stddev" : 0.000000,
        "iops_samples" : 0
      },
      "write" : {
        "io_bytes" : 3753508864,
        "io_kbytes" : 3665536,
        "bw_bytes" : 97967031,
        "bw" : 95670,
        "iops" : 747.429138,
        "runtime" : 38314,
        "total_ios" : 28637,
        "short_ios" : 0,
        "drop_ios" : 0,
        "slat_ns" : {
          "min" : 13605,
          "max" : 377732605,
          "mean" : 50898.748263,
          "stddev" : 2233373.613746,
          "N" : 28637
        },
        "clat_ns" : {
          "min" : 106801,
          "max" : 16575314769,
          "mean" : 1285665.799770,
          "stddev" : 118150905.453242,
          "N" : 28637,
          "percentile" : {
            "1.000000" : 140288,
            "5.000000" : 144384,
            "10.000000" : 148480,
            "20.000000" : 150528,
            "30.000000" : 154624,
            "40.000000" : 158720,
            "50.000000" : 164864,
            "60.000000" : 177152,
            "70.000000" : 195584,
            "80.000000" : 222208,
            "90.000000" : 268288,
            "95.000000" : 411648,
            "99.000000" : 2039808,
            "99.500000" : 2473984,
            "99.900000" : 12779520,
            "99.950000" : 13434880,
            "99.990000" : 541065216
          }
        },
        "lat_ns" : {
          "min" : 153285,
          "max" : 16575337500,
          "mean" : 1336564.548032,
          "stddev" : 118172049.374915,
          "N" : 28637
        },
        "bw_min" : 512,
        "bw_max" : 612864,
        "bw_agg" : 100.000000,
        "bw_mean" : 333161.090909,
        "bw_dev" : 228120.822963,
        "bw_samples" : 22,
        "iops_min" : 4,
        "iops_max" : 4788,
        "iops_mean" : 2602.727273,
        "iops_stddev" : 1782.258577,
        "iops_samples" : 22
      },
      "trim" : {
        "io_bytes" : 0,
        "io_kbytes" : 0,
        "bw_bytes" : 0,
        "bw" : 0,
        "iops" : 0.000000,
        "runtime" : 0,
        "total_ios" : 0,
        "short_ios" : 0,
        "drop_ios" : 0,
        "slat_ns" : {
          "min" : 0,
          "max" : 0,
          "mean" : 0.000000,
          "stddev" : 0.000000,
          "N" : 0
        },
        "clat_ns" : {
          "min" : 0,
          "max" : 0,
          "mean" : 0.000000,
          "stddev" : 0.000000,
          "N" : 0
        },
        "lat_ns" : {
          "min" : 0,
          "max" : 0,
          "mean" : 0.000000,
          "stddev" : 0.000000,
          "N" : 0
        },
        "bw_min" : 0,
        "bw_max" : 0,
        "bw_agg" : 0.000000,
        "bw_mean" : 0.000000,
        "bw_dev" : 0.000000,
        "bw_samples" : 0,
        "iops_min" : 0,
        "iops_max" : 0,
        "iops_mean" : 0.000000,
        "iops_stddev" : 0.000000,
        "iops_samples" : 0
      },
      "sync" : {
        "total_ios" : 0,
        "lat_ns" : {
          "min" : 0,
          "max" : 0,
          "mean" : 0.000000,
          "stddev" : 0.000000,
          "N" : 0
        }
      },
      "job_runtime" : 38313,
      "usr_cpu" : 0.383682,
      "sys_cpu" : 3.079895,
      "ctx" : 28641,
      "majf" : 0,
      "minf" : 14,
      "iodepth_level" : {
        "1" : 100.000000,
        "2" : 0.000000,
        "4" : 0.000000,
        "8" : 0.000000,
        "16" : 0.000000,
        "32" : 0.000000,
        ">=64" : 0.000000
      },
      "iodepth_submit" : {
        "0" : 0.000000,
        "4" : 100.000000,
        "8" : 0.000000,
        "16" : 0.000000,
        "32" : 0.000000,
        "64" : 0.000000,
        ">=64" : 0.000000
      },
      "iodepth_complete" : {
        "0" : 0.000000,
        "4" : 100.000000,
        "8" : 0.000000,
        "16" : 0.000000,
        "32" : 0.000000,
        "64" : 0.000000,
        ">=64" : 0.000000
      },
      "latency_ns" : {
        "2" : 0.000000,
        "4" : 0.000000,
        "10" : 0.000000,
        "20" : 0.000000,
        "50" : 0.000000,
        "100" : 0.000000,
        "250" : 0.000000,
        "500" : 0.000000,
        "750" : 0.000000,
        "1000" : 0.000000
      },
      "latency_us" : {
        "2" : 0.000000,
        "4" : 0.000000,
        "10" : 0.000000,
        "20" : 0.000000,
        "50" : 0.000000,
        "100" : 0.000000,
        "250" : 87.009812,
        "500" : 8.471558,
        "750" : 0.401578,
        "1000" : 0.244439
      },
      "latency_ms" : {
        "2" : 2.762161,
        "4" : 0.726333,
        "10" : 0.083808,
        "20" : 0.275867,
        "50" : 0.010476,
        "100" : 0.000000,
        "250" : 0.010000,
        "500" : 0.000000,
        "750" : 0.010000,
        "1000" : 0.000000,
        "2000" : 0.000000,
        ">=2000" : 0.010000
      },
      "latency_depth" : 1,
      "latency_target" : 0,
      "latency_percentile" : 100.000000,
      "latency_window" : 0
    }
  ],
  "disk_util" : [
    {
      "name" : "loop0",
      "read_ios" : 1,
      "write_ios" : 28872,
      "read_sectors" : 8,
      "write_sectors" : 7346080,
      "read_merges" : 0,
      "write_merges" : 190519,
      "read_ticks" : 377,
      "write_ticks" : 43166,
      "in_queue" : 60196,
      "util" : 95.876936
    }
  ]
}
