{
  "fio version" : "fio-3.36",
  "timestamp" : 1759291483,
  "timestamp_ms" : 1759291483116,
  "time" : "Wed Oct  1 00:04:43 2025",
  "global options" : {
    "filename" : "/mnt/project_partition/testfile.img",
    "direct" : "1",
    "ioengine" : "libaio",
    "runtime" : "30s"
  },
  "jobs" : [
    {
      "jobname" : "zeroq_randread_4k",
      "groupid" : 0,
      "job_start" : 1759291453070,
      "error" : 0,
      "eta" : 0,
      "elapsed" : 31,
      "job options" : {
        "name" : "zeroq_randread_4k",
        "rw" : "randread",
        "bs" : "4k",
        "iodepth" : "1",
        "numjobs" : "1"
      },
      "read" : {
        "io_bytes" : 86411718656,
        "io_kbytes" : 84386444,
        "bw_bytes" : 2880294612,
        "bw" : 2812787,
        "iops" : 703196.926769,
        "runtime" : 30001,
        "total_ios" : 21096611,
        "short_ios" : 0,
        "drop_ios" : 0,
        "slat_ns" : {
          "min" : 594,
          "max" : 683433,
          "mean" : 814.899564,
          "stddev" : 1222.636459,
          "N" : 21096611
        },
        "clat_ns" : {
          "min" : 198,
          "max" : 562137,
          "mean" : 367.980985,
          "stddev" : 794.689015,
          "N" : 21096611,
          "percentile" : {
            "1.000000" : 298,
            "5.000000" : 298,
            "10.000000" : 298,
            "20.000000" : 298,
            "30.000000" : 298,
            "40.000000" : 302,
            "50.000000" : 306,
            "60.000000" : 398,
            "70.000000" : 398,
            "80.000000" : 398,
            "90.000000" : 402,
            "95.000000" : 406,
            "99.000000" : 414,
            "99.500000" : 502,
            "99.900000" : 14400,
            "99.950000" : 20096,
            "99.990000" : 27008
          }
        },
        "lat_ns" : {
          "min" : 891,
          "max" : 687111,
          "mean" : 1182.880548,
          "stddev" : 1473.140968,
          "N" : 21096611
        },
        "bw_min" : 2712500,
        "bw_max" : 2880944,
        "bw_agg" : 100.000000,
        "bw_mean" : 2818499.000000,
        "bw_dev" : 36393.072041,
        "bw_samples" : 59,
        "iops_min" : 678125,
        "iops_max" : 720236,
        "iops_mean" : 704624.796610,
        "iops_stddev" : 9098.410132,
        "iops_samples" : 59
      },
      "write" : {
        "io_bytes" : 0,
        "io_kbytes" : 0,
        "bw_bytes" : 0,
        "bw" : 0,
        "iops" : 0.000000,
        "runtime" : 0,
        "total_ios" : 0,
        "short_ios" : 0,
        "drop_ios" : 0,
        "slat_ns" : {
          "min" : 0,
          "max" : 0,
          "mean" : 0.000000,
          "stddev" : 0.000000,
          "N" : 0
        },
        "clat_ns" : {
          "min" : 0,
          "max" : 0,
          "mean" : 0.000000,
          "stddev" : 0.000000,
          "N" : 0
        },
        "lat_ns" : {
          "min" : 0,
          "max" : 0,
          "mean" : 0.000000,
          "stddev" : 0.000000,
          "N" : 0
        },
        "bw_min" : 0,
        "bw_max" : 0,
        "bw_agg" : 0.000000,
        "bw_mean" : 0.000000,
        "bw_dev" : 0.000000,
        "bw_samples" : 0,
        "iops_min" : 0,
        "iops_max" : 0,
        "iops_mean" : 0.000000,
        "iops_stddev" : 0.000000,
        "iops_samples" : 0
      },
      "trim" : {
        "io_bytes" : 0,
        "io_kbytes" : 0,
        "bw_bytes" : 0,
        "bw" : 0,
        "iops" : 0.000000,
        "runtime" : 0,
        "total_ios" : 0,
        "short_ios" : 0,
        "drop_ios" : 0,
        "slat_ns" : {
          "min" : 0,
          "max" : 0,
          "mean" : 0.000000,
          "stddev" : 0.000000,
          "N" : 0
        },
        "clat_ns" : {
          "min" : 0,
          "max" : 0,
          "mean" : 0.000000,
          "stddev" : 0.000000,
          "N" : 0
        },
        "lat_ns" : {
          "min" : 0,
          "max" : 0,
          "mean" : 0.000000,
          "stddev" : 0.000000,
          "N" : 0
        },
        "bw_min" : 0,
        "bw_max" : 0,
        "bw_agg" : 0.000000,
        "bw_mean" : 0.000000,
        "bw_dev" : 0.000000,
        "bw_samples" : 0,
        "iops_min" : 0,
        "iops_max" : 0,
        "iops_mean" : 0.000000,
        "iops_stddev" : 0.000000,
        "iops_samples" : 0
      },
      "sync" : {
        "total_ios" : 0,
        "lat_ns" : {
          "min" : 0,
          "max" : 0,
          "mean" : 0.000000,
          "stddev" : 0.000000,
          "N" : 0
        }
      },
      "job_runtime" : 30000,
      "usr_cpu" : 37.440000,
      "sys_cpu" : 62.503333,
      "ctx" : 76,
      "majf" : 0,
      "minf" : 12,
      "iodepth_level" : {
        "1" : 100.000000,
        "2" : 0.000000,
        "4" : 0.000000,
        "8" : 0.000000,
        "16" : 0.000000,
        "32" : 0.000000,
        ">=64" : 0.000000
      },
      "iodepth_submit" : {
        "0" : 0.000000,
        "4" : 100.000000,
        "8" : 0.000000,
        "16" : 0.000000,
        "32" : 0.000000,
        "64" : 0.000000,
        ">=64" : 0.000000
      },
      "iodepth_complete" : {
        "0" : 0.000000,
        "4" : 100.000000,
        "8" : 0.000000,
        "16" : 0.000000,
        "32" : 0.000000,
        "64" : 0.000000,
        ">=64" : 0.000000
      },
      "latency_ns" : {
        "2" : 0.000000,
        "4" : 0.000000,
        "10" : 0.000000,
        "20" : 0.000000,
        "50" : 0.000000,
        "100" : 0.000000,
        "250" : 0.010000,
        "500" : 99.499389,
        "750" : 0.208707,
        "1000" : 0.107572
      },
      "latency_us" : {
        "2" : 0.018994,
        "4" : 0.010000,
        "10" : 0.045860,
        "20" : 0.063129,
        "50" : 0.049107,
        "100" : 0.010000,
        "250" : 0.010000,
        "500" : 0.010000,
        "750" : 0.010000,
        "1000" : 0.000000
      },
      "latency_ms" : {
        "2" : 0.000000,
        "4" : 0.000000,
        "10" : 0.000000,
        "20" : 0.000000,
        "50" : 0.000000,
        "100" : 0.000000,
        "250" : 0.000000,
        "500" : 0.000000,
        "750" : 0.000000,
        "1000" : 0.000000,
        "2000" : 0.000000,
        ">=2000" : 0.000000
      },
      "latency_depth" : 1,
      "latency_target" : 0,
      "latency_percentile" : 100.000000,
      "latency_window" : 0
    }
  ],
  "disk_util" : [
    {
      "name" : "loop0",
      "read_ios" : 0,
      "write_ios" : 3,
      "read_sectors" : 0,
      "write_sectors" : 32,
      "read_merges" : 0,
      "write_merges" : 1,
      "read_ticks" : 0,
      "write_ticks" : 12,
      "in_queue" : 24,
      "util" : 0.040047
    }
  ]
}
