{
  "fio version" : "fio-3.36",
  "timestamp" : 1759291513,
  "timestamp_ms" : 1759291513362,
  "time" : "Wed Oct  1 00:05:13 2025",
  "global options" : {
    "filename" : "/mnt/project_partition/testfile.img",
    "direct" : "1",
    "ioengine" : "libaio",
    "runtime" : "30s"
  },
  "jobs" : [
    {
      "jobname" : "zeroq_randwrite_4k",
      "groupid" : 0,
      "job_start" : 1759291483314,
      "error" : 0,
      "eta" : 0,
      "elapsed" : 31,
      "job options" : {
        "name" : "zeroq_randwrite_4k",
        "rw" : "randwrite",
        "bs" : "4k",
        "iodepth" : "1",
        "numjobs" : "1"
      },
      "read" : {
        "io_bytes" : 0,
        "io_kbytes" : 0,
        "bw_bytes" : 0,
        "bw" : 0,
        "iops" : 0.000000,
        "runtime" : 0,
        "total_ios" : 0,
        "short_ios" : 0,
        "drop_ios" : 0,
        "slat_ns" : {
          "min" : 0,
          "max" : 0,
          "mean" : 0.000000,
          "stddev" : 0.000000,
          "N" : 0
        },
        "clat_ns" : {
          "min" : 0,
          "max" : 0,
          "mean" : 0.000000,
          "stddev" : 0.000000,
          "N" : 0
        },
        "lat_ns" : {
          "min" : 0,
          "max" : 0,
          "mean" : 0.000000,
          "stddev" : 0.000000,
          "N" : 0
        },
        "bw_min" : 0,
        "bw_max" : 0,
        "bw_agg" : 0.000000,
        "bw_mean" : 0.000000,
        "bw_dev" : 0.000000,
        "bw_samples" : 0,
        "iops_min" : 0,
        "iops_max" : 0,
        "iops_mean" : 0.000000,
        "iops_stddev" : 0.000000,
        "iops_samples" : 0
      },
      "write" : {
        "io_bytes" : 1115799552,
        "io_kbytes" : 1089648,
        "bw_bytes" : 37192078,
        "bw" : 36320,
        "iops" : 9080.097330,
        "runtime" : 30001,
        "total_ios" : 272412,
        "short_ios" : 0,
        "drop_ios" : 0,
        "slat_ns" : {
          "min" : 10513,
          "max" : 4069628,
          "mean" : 24561.380079,
          "stddev" : 13675.076983,
          "N" : 272412
        },
        "clat_ns" : {
          "min" : 1191,
          "max" : 8035347578,
          "mean" : 84148.867186,
          "stddev" : 15621924.751697,
          "N" : 272412,
          "percentile" : {
            "1.000000" : 37120,
            "5.000000" : 38144,
            "10.000000" : 38656,
            "20.000000" : 39168,
            "30.000000" : 39168,
            "40.000000" : 39680,
            "50.000000" : 40192,
            "60.000000" : 40192,
            "70.000000" : 41216,
            "80.000000" : 42752,
            "90.000000" : 67072,
            "95.000000" : 79360,
            "99.000000" : 118272,
            "99.500000" : 136192,
            "99.900000" : 191488,
            "99.950000" : 220160,
            "99.990000" : 593920
          }
        },
        "lat_ns" : {
          "min" : 41338,
          "max" : 8035358191,
          "mean" : 108710.247265,
          "stddev" : 15621937.613753,
          "N" : 272412
        },
        "bw_min" : 40,
        "bw_max" : 57680,
        "bw_agg" : 100.000000,
        "bw_mean" : 50641.000000,
        "bw_dev" : 14810.646024,
        "bw_samples" : 42,
        "iops_min" : 10,
        "iops_max" : 14420,
        "iops_mean" : 12660.119048,
        "iops_stddev" : 3702.621169,
        "iops_samples" : 42
      },
      "trim" : {
        "io_bytes" : 0,
        "io_kbytes" : 0,
        "bw_bytes" : 0,
        "bw" : 0,
        "iops" : 0.000000,
        "runtime" : 0,
        "total_ios" : 0,
        "short_ios" : 0,
        "drop_ios" : 0,
        "slat_ns" : {
          "min" : 0,
          "max" : 0,
          "mean" : 0.000000,
          "stddev" : 0.000000,
          "N" : 0
        },
        "clat_ns" : {
          "min" : 0,
          "max" : 0,
          "mean" : 0.000000,
          "stddev" : 0.000000,
          "N" : 0
        },
        "lat_ns" : {
          "min" : 0,
          "max" : 0,
          "mean" : 0.000000,
          "stddev" : 0.000000,
          "N" : 0
        },
        "bw_min" : 0,
        "bw_max" : 0,
        "bw_agg" : 0.000000,
        "bw_mean" : 0.000000,
        "bw_dev" : 0.000000,
        "bw_samples" : 0,
        "iops_min" : 0,
        "iops_max" : 0,
        "iops_mean" : 0.000000,
        "iops_stddev" : 0.000000,
        "iops_samples" : 0
      },
      "sync" : {
        "total_ios" : 0,
        "lat_ns" : {
          "min" : 0,
          "max" : 0,
          "mean" : 0.000000,
          "stddev" : 0.000000,
          "N" : 0
        }
      },
      "job_runtime" : 30000,
      "usr_cpu" : 3.006667,
      "sys_cpu" : 26.333333,
      "ctx" : 272327,
      "majf" : 0,
      "minf" : 13,
      "iodepth_level" : {
        "1" : 100.000000,
        "2" : 0.000000,
        "4" : 0.000000,
        "8" : 0.000000,
        "16" : 0.000000,
        "32" : 0.000000,
        ">=64" : 0.000000
      },
      "iodepth_submit" : {
        "0" : 0.000000,
        "4" : 100.000000,
        "8" : 0.000000,
        "16" : 0.000000,
        "32" : 0.000000,
        "64" : 0.000000,
        ">=64" : 0.000000
      },
      "iodepth_complete" : {
        "0" : 0.000000,
        "4" : 100.000000,
        "8" : 0.000000,
        "16" : 0.000000,
        "32" : 0.000000,
        "64" : 0.000000,
        ">=64" : 0.000000
      },
      "latency_ns" : {
        "2" : 0.000000,
        "4" : 0.000000,
        "10" : 0.000000,
        "20" : 0.000000,
        "50" : 0.000000,
        "100" : 0.000000,
        "250" : 0.000000,
        "500" : 0.000000,
        "750" : 0.000000,
        "1000" : 0.000000
      },
      "latency_us" : {
        "2" : 0.030469,
        "4" : 0.000000,
        "10" : 0.013582,
        "20" : 0.010279,
        "50" : 85.165118,
        "100" : 12.431170,
        "250" : 2.317446,
        "500" : 0.015418,
        "750" : 0.010000,
        "1000" : 0.010000
      },
      "latency_ms" : {
        "2" : 0.010000,
        "4" : 0.010000,
        "10" : 0.010000,
        "20" : 0.010000,
        "50" : 0.000000,
        "100" : 0.000000,
        "250" : 0.000000,
        "500" : 0.000000,
        "750" : 0.010000,
        "1000" : 0.000000,
        "2000" : 0.010000,
        ">=2000" : 0.010000
      },
      "latency_depth" : 1,
      "latency_target" : 0,
      "latency_percentile" : 100.000000,
      "latency_window" : 0
    }
  ],
  "disk_util" : [
    {
      "name" : "loop0",
      "read_ios" : 0,
      "write_ios" : 272074,
      "read_sectors" : 0,
      "write_sectors" : 2231472,
      "read_merges" : 0,
      "write_merges" : 6860,
      "read_ticks" : 0,
      "write_ticks" : 29970,
      "in_queue" : 40378,
      "util" : 64.670818
    }
  ]
}
