Dataset,Threads,Workload,CoarseTput,FineTput
1000000,1,LookupOnly,4.88259e+07,4.19752e+07
1000000,2,LookupOnly,1.37126e+07,3.71775e+07
1000000,4,LookupOnly,1.4851e+07,4.58443e+07
1000000,8,LookupOnly,1.26932e+07,4.46675e+07
1000000,16,LookupOnly,1.3934e+07,4.35661e+07
